-- phpMyAdmin SQL Dump
-- version 5.2.0
-- https://www.phpmyadmin.net/
--
-- Host: 127.0.0.1
-- Generation Time: Dec 27, 2022 at 08:52 PM
-- Server version: 10.4.24-MariaDB
-- PHP Version: 8.1.6

SET SQL_MODE = "NO_AUTO_VALUE_ON_ZERO";
START TRANSACTION;
SET time_zone = "+00:00";


/*!40101 SET @OLD_CHARACTER_SET_CLIENT=@@CHARACTER_SET_CLIENT */;
/*!40101 SET @OLD_CHARACTER_SET_RESULTS=@@CHARACTER_SET_RESULTS */;
/*!40101 SET @OLD_COLLATION_CONNECTION=@@COLLATION_CONNECTION */;
/*!40101 SET NAMES utf8mb4 */;

--
-- Database: `laravel`
--

-- --------------------------------------------------------

--
-- Table structure for table `countries`
--

CREATE TABLE `countries` (
  `id` int(10) UNSIGNED NOT NULL,
  `iso` char(2) COLLATE utf8mb4_unicode_ci NOT NULL,
  `name` varchar(80) COLLATE utf8mb4_unicode_ci NOT NULL,
  `nicename` varchar(80) COLLATE utf8mb4_unicode_ci NOT NULL,
  `iso3` char(3) COLLATE utf8mb4_unicode_ci DEFAULT NULL,
  `numcode` smallint(6) DEFAULT NULL,
  `phonecode` int(11) NOT NULL
) ENGINE=InnoDB DEFAULT CHARSET=utf8mb4 COLLATE=utf8mb4_unicode_ci;

--
-- Dumping data for table `countries`
--

INSERT INTO `countries` (`id`, `iso`, `name`, `nicename`, `iso3`, `numcode`, `phonecode`) VALUES
(1, 'AF', 'AFGHANISTAN', 'Afghanistan', 'AFG', 4, 93),
(2, 'AL', 'ALBANIA', 'Albania', 'ALB', 8, 355),
(3, 'DZ', 'ALGERIA', 'Algeria', 'DZA', 12, 213),
(4, 'AS', 'AMERICAN SAMOA', 'American Samoa', 'ASM', 16, 1684),
(5, 'AD', 'ANDORRA', 'Andorra', 'AND', 20, 376),
(6, 'AO', 'ANGOLA', 'Angola', 'AGO', 24, 244),
(7, 'AI', 'ANGUILLA', 'Anguilla', 'AIA', 660, 1264),
(8, 'AQ', 'ANTARCTICA', 'Antarctica', NULL, NULL, 0),
(9, 'AG', 'ANTIGUA AND BARBUDA', 'Antigua and Barbuda', 'ATG', 28, 1268),
(10, 'AR', 'ARGENTINA', 'Argentina', 'ARG', 32, 54),
(11, 'AM', 'ARMENIA', 'Armenia', 'ARM', 51, 374),
(12, 'AW', 'ARUBA', 'Aruba', 'ABW', 533, 297),
(13, 'AU', 'AUSTRALIA', 'Australia', 'AUS', 36, 61),
(14, 'AT', 'AUSTRIA', 'Austria', 'AUT', 40, 43),
(15, 'AZ', 'AZERBAIJAN', 'Azerbaijan', 'AZE', 31, 994),
(16, 'BS', 'BAHAMAS', 'Bahamas', 'BHS', 44, 1242),
(17, 'BH', 'BAHRAIN', 'Bahrain', 'BHR', 48, 973),
(18, 'BD', 'BANGLADESH', 'Bangladesh', 'BGD', 50, 880),
(19, 'BB', 'BARBADOS', 'Barbados', 'BRB', 52, 1246),
(20, 'BY', 'BELARUS', 'Belarus', 'BLR', 112, 375),
(21, 'BE', 'BELGIUM', 'Belgium', 'BEL', 56, 32),
(22, 'BZ', 'BELIZE', 'Belize', 'BLZ', 84, 501),
(23, 'BJ', 'BENIN', 'Benin', 'BEN', 204, 229),
(24, 'BM', 'BERMUDA', 'Bermuda', 'BMU', 60, 1441),
(25, 'BT', 'BHUTAN', 'Bhutan', 'BTN', 64, 975),
(26, 'BO', 'BOLIVIA', 'Bolivia', 'BOL', 68, 591),
(27, 'BA', 'BOSNIA AND HERZEGOVINA', 'Bosnia and Herzegovina', 'BIH', 70, 387),
(28, 'BW', 'BOTSWANA', 'Botswana', 'BWA', 72, 267),
(29, 'BV', 'BOUVET ISLAND', 'Bouvet Island', NULL, NULL, 0),
(30, 'BR', 'BRAZIL', 'Brazil', 'BRA', 76, 55),
(31, 'IO', 'BRITISH INDIAN OCEAN TERRITORY', 'British Indian Ocean Territory', NULL, NULL, 246),
(32, 'BN', 'BRUNEI DARUSSALAM', 'Brunei Darussalam', 'BRN', 96, 673),
(33, 'BG', 'BULGARIA', 'Bulgaria', 'BGR', 100, 359),
(34, 'BF', 'BURKINA FASO', 'Burkina Faso', 'BFA', 854, 226),
(35, 'BI', 'BURUNDI', 'Burundi', 'BDI', 108, 257),
(36, 'KH', 'CAMBODIA', 'Cambodia', 'KHM', 116, 855),
(37, 'CM', 'CAMEROON', 'Cameroon', 'CMR', 120, 237),
(38, 'CA', 'CANADA', 'Canada', 'CAN', 124, 1),
(39, 'CV', 'CAPE VERDE', 'Cape Verde', 'CPV', 132, 238),
(40, 'KY', 'CAYMAN ISLANDS', 'Cayman Islands', 'CYM', 136, 1345),
(41, 'CF', 'CENTRAL AFRICAN REPUBLIC', 'Central African Republic', 'CAF', 140, 236),
(42, 'TD', 'CHAD', 'Chad', 'TCD', 148, 235),
(43, 'CL', 'CHILE', 'Chile', 'CHL', 152, 56),
(44, 'CN', 'CHINA', 'China', 'CHN', 156, 86),
(45, 'CX', 'CHRISTMAS ISLAND', 'Christmas Island', NULL, NULL, 61),
(46, 'CC', 'COCOS (KEELING) ISLANDS', 'Cocos (Keeling) Islands', NULL, NULL, 672),
(47, 'CO', 'COLOMBIA', 'Colombia', 'COL', 170, 57),
(48, 'KM', 'COMOROS', 'Comoros', 'COM', 174, 269),
(49, 'CG', 'CONGO', 'Congo', 'COG', 178, 242),
(50, 'CD', 'CONGO, THE DEMOCRATIC REPUBLIC OF THE', 'Congo, the Democratic Republic of the', 'COD', 180, 242),
(51, 'CK', 'COOK ISLANDS', 'Cook Islands', 'COK', 184, 682),
(52, 'CR', 'COSTA RICA', 'Costa Rica', 'CRI', 188, 506),
(53, 'CI', 'COTE D\'IVOIRE', 'Cote D\'Ivoire', 'CIV', 384, 225),
(54, 'HR', 'CROATIA', 'Croatia', 'HRV', 191, 385),
(55, 'CU', 'CUBA', 'Cuba', 'CUB', 192, 53),
(56, 'CY', 'CYPRUS', 'Cyprus', 'CYP', 196, 357),
(57, 'CZ', 'CZECH REPUBLIC', 'Czech Republic', 'CZE', 203, 420),
(58, 'DK', 'DENMARK', 'Denmark', 'DNK', 208, 45),
(59, 'DJ', 'DJIBOUTI', 'Djibouti', 'DJI', 262, 253),
(60, 'DM', 'DOMINICA', 'Dominica', 'DMA', 212, 1767),
(61, 'DO', 'DOMINICAN REPUBLIC', 'Dominican Republic', 'DOM', 214, 1809),
(62, 'EC', 'ECUADOR', 'Ecuador', 'ECU', 218, 593),
(63, 'EG', 'EGYPT', 'Egypt', 'EGY', 818, 20),
(64, 'SV', 'EL SALVADOR', 'El Salvador', 'SLV', 222, 503),
(65, 'GQ', 'EQUATORIAL GUINEA', 'Equatorial Guinea', 'GNQ', 226, 240),
(66, 'ER', 'ERITREA', 'Eritrea', 'ERI', 232, 291),
(67, 'EE', 'ESTONIA', 'Estonia', 'EST', 233, 372),
(68, 'ET', 'ETHIOPIA', 'Ethiopia', 'ETH', 231, 251),
(69, 'FK', 'FALKLAND ISLANDS (MALVINAS)', 'Falkland Islands (Malvinas)', 'FLK', 238, 500),
(70, 'FO', 'FAROE ISLANDS', 'Faroe Islands', 'FRO', 234, 298),
(71, 'FJ', 'FIJI', 'Fiji', 'FJI', 242, 679),
(72, 'FI', 'FINLAND', 'Finland', 'FIN', 246, 358),
(73, 'FR', 'FRANCE', 'France', 'FRA', 250, 33),
(74, 'GF', 'FRENCH GUIANA', 'French Guiana', 'GUF', 254, 594),
(75, 'PF', 'FRENCH POLYNESIA', 'French Polynesia', 'PYF', 258, 689),
(76, 'TF', 'FRENCH SOUTHERN TERRITORIES', 'French Southern Territories', NULL, NULL, 0),
(77, 'GA', 'GABON', 'Gabon', 'GAB', 266, 241),
(78, 'GM', 'GAMBIA', 'Gambia', 'GMB', 270, 220),
(79, 'GE', 'GEORGIA', 'Georgia', 'GEO', 268, 995),
(80, 'DE', 'GERMANY', 'Germany', 'DEU', 276, 49),
(81, 'GH', 'GHANA', 'Ghana', 'GHA', 288, 233),
(82, 'GI', 'GIBRALTAR', 'Gibraltar', 'GIB', 292, 350),
(83, 'GR', 'GREECE', 'Greece', 'GRC', 300, 30),
(84, 'GL', 'GREENLAND', 'Greenland', 'GRL', 304, 299),
(85, 'GD', 'GRENADA', 'Grenada', 'GRD', 308, 1473),
(86, 'GP', 'GUADELOUPE', 'Guadeloupe', 'GLP', 312, 590),
(87, 'GU', 'GUAM', 'Guam', 'GUM', 316, 1671),
(88, 'GT', 'GUATEMALA', 'Guatemala', 'GTM', 320, 502),
(89, 'GN', 'GUINEA', 'Guinea', 'GIN', 324, 224),
(90, 'GW', 'GUINEA-BISSAU', 'Guinea-Bissau', 'GNB', 624, 245),
(91, 'GY', 'GUYANA', 'Guyana', 'GUY', 328, 592),
(92, 'HT', 'HAITI', 'Haiti', 'HTI', 332, 509),
(93, 'HM', 'HEARD ISLAND AND MCDONALD ISLANDS', 'Heard Island and Mcdonald Islands', NULL, NULL, 0),
(94, 'VA', 'HOLY SEE (VATICAN CITY STATE)', 'Holy See (Vatican City State)', 'VAT', 336, 39),
(95, 'HN', 'HONDURAS', 'Honduras', 'HND', 340, 504),
(96, 'HK', 'HONG KONG', 'Hong Kong', 'HKG', 344, 852),
(97, 'HU', 'HUNGARY', 'Hungary', 'HUN', 348, 36),
(98, 'IS', 'ICELAND', 'Iceland', 'ISL', 352, 354),
(99, 'IN', 'INDIA', 'India', 'IND', 356, 91),
(100, 'ID', 'INDONESIA', 'Indonesia', 'IDN', 360, 62),
(101, 'IR', 'IRAN, ISLAMIC REPUBLIC OF', 'Iran, Islamic Republic of', 'IRN', 364, 98),
(102, 'IQ', 'IRAQ', 'Iraq', 'IRQ', 368, 964),
(103, 'IE', 'IRELAND', 'Ireland', 'IRL', 372, 353),
(104, 'IL', 'ISRAEL', 'Israel', 'ISR', 376, 972),
(105, 'IT', 'ITALY', 'Italy', 'ITA', 380, 39),
(106, 'JM', 'JAMAICA', 'Jamaica', 'JAM', 388, 1876),
(107, 'JP', 'JAPAN', 'Japan', 'JPN', 392, 81),
(108, 'JO', 'JORDAN', 'Jordan', 'JOR', 400, 962),
(109, 'KZ', 'KAZAKHSTAN', 'Kazakhstan', 'KAZ', 398, 7),
(110, 'KE', 'KENYA', 'Kenya', 'KEN', 404, 254),
(111, 'KI', 'KIRIBATI', 'Kiribati', 'KIR', 296, 686),
(112, 'KP', 'KOREA, DEMOCRATIC PEOPLE\'S REPUBLIC OF', 'Korea, Democratic People\'s Republic of', 'PRK', 408, 850),
(113, 'KR', 'KOREA, REPUBLIC OF', 'Korea, Republic of', 'KOR', 410, 82),
(114, 'KW', 'KUWAIT', 'Kuwait', 'KWT', 414, 965),
(115, 'KG', 'KYRGYZSTAN', 'Kyrgyzstan', 'KGZ', 417, 996),
(116, 'LA', 'LAO PEOPLE\'S DEMOCRATIC REPUBLIC', 'Lao People\'s Democratic Republic', 'LAO', 418, 856),
(117, 'LV', 'LATVIA', 'Latvia', 'LVA', 428, 371),
(118, 'LB', 'LEBANON', 'Lebanon', 'LBN', 422, 961),
(119, 'LS', 'LESOTHO', 'Lesotho', 'LSO', 426, 266),
(120, 'LR', 'LIBERIA', 'Liberia', 'LBR', 430, 231),
(121, 'LY', 'LIBYAN ARAB JAMAHIRIYA', 'Libyan Arab Jamahiriya', 'LBY', 434, 218),
(122, 'LI', 'LIECHTENSTEIN', 'Liechtenstein', 'LIE', 438, 423),
(123, 'LT', 'LITHUANIA', 'Lithuania', 'LTU', 440, 370),
(124, 'LU', 'LUXEMBOURG', 'Luxembourg', 'LUX', 442, 352),
(125, 'MO', 'MACAO', 'Macao', 'MAC', 446, 853),
(126, 'MK', 'MACEDONIA, THE FORMER YUGOSLAV REPUBLIC OF', 'Macedonia, the Former Yugoslav Republic of', 'MKD', 807, 389),
(127, 'MG', 'MADAGASCAR', 'Madagascar', 'MDG', 450, 261),
(128, 'MW', 'MALAWI', 'Malawi', 'MWI', 454, 265),
(129, 'MY', 'MALAYSIA', 'Malaysia', 'MYS', 458, 60),
(130, 'MV', 'MALDIVES', 'Maldives', 'MDV', 462, 960),
(131, 'ML', 'MALI', 'Mali', 'MLI', 466, 223),
(132, 'MT', 'MALTA', 'Malta', 'MLT', 470, 356),
(133, 'MH', 'MARSHALL ISLANDS', 'Marshall Islands', 'MHL', 584, 692),
(134, 'MQ', 'MARTINIQUE', 'Martinique', 'MTQ', 474, 596),
(135, 'MR', 'MAURITANIA', 'Mauritania', 'MRT', 478, 222),
(136, 'MU', 'MAURITIUS', 'Mauritius', 'MUS', 480, 230),
(137, 'YT', 'MAYOTTE', 'Mayotte', NULL, NULL, 269),
(138, 'MX', 'MEXICO', 'Mexico', 'MEX', 484, 52),
(139, 'FM', 'MICRONESIA, FEDERATED STATES OF', 'Micronesia, Federated States of', 'FSM', 583, 691),
(140, 'MD', 'MOLDOVA, REPUBLIC OF', 'Moldova, Republic of', 'MDA', 498, 373),
(141, 'MC', 'MONACO', 'Monaco', 'MCO', 492, 377),
(142, 'MN', 'MONGOLIA', 'Mongolia', 'MNG', 496, 976),
(143, 'MS', 'MONTSERRAT', 'Montserrat', 'MSR', 500, 1664),
(144, 'MA', 'MOROCCO', 'Morocco', 'MAR', 504, 212),
(145, 'MZ', 'MOZAMBIQUE', 'Mozambique', 'MOZ', 508, 258),
(146, 'MM', 'MYANMAR', 'Myanmar', 'MMR', 104, 95),
(147, 'NA', 'NAMIBIA', 'Namibia', 'NAM', 516, 264),
(148, 'NR', 'NAURU', 'Nauru', 'NRU', 520, 674),
(149, 'NP', 'NEPAL', 'Nepal', 'NPL', 524, 977),
(150, 'NL', 'NETHERLANDS', 'Netherlands', 'NLD', 528, 31),
(151, 'AN', 'NETHERLANDS ANTILLES', 'Netherlands Antilles', 'ANT', 530, 599),
(152, 'NC', 'NEW CALEDONIA', 'New Caledonia', 'NCL', 540, 687),
(153, 'NZ', 'NEW ZEALAND', 'New Zealand', 'NZL', 554, 64),
(154, 'NI', 'NICARAGUA', 'Nicaragua', 'NIC', 558, 505),
(155, 'NE', 'NIGER', 'Niger', 'NER', 562, 227),
(156, 'NG', 'NIGERIA', 'Nigeria', 'NGA', 566, 234),
(157, 'NU', 'NIUE', 'Niue', 'NIU', 570, 683),
(158, 'NF', 'NORFOLK ISLAND', 'Norfolk Island', 'NFK', 574, 672),
(159, 'MP', 'NORTHERN MARIANA ISLANDS', 'Northern Mariana Islands', 'MNP', 580, 1670),
(160, 'NO', 'NORWAY', 'Norway', 'NOR', 578, 47),
(161, 'OM', 'OMAN', 'Oman', 'OMN', 512, 968),
(162, 'PK', 'PAKISTAN', 'Pakistan', 'PAK', 586, 92),
(163, 'PW', 'PALAU', 'Palau', 'PLW', 585, 680),
(164, 'PS', 'PALESTINIAN TERRITORY, OCCUPIED', 'Palestinian Territory, Occupied', NULL, NULL, 970),
(165, 'PA', 'PANAMA', 'Panama', 'PAN', 591, 507),
(166, 'PG', 'PAPUA NEW GUINEA', 'Papua New Guinea', 'PNG', 598, 675),
(167, 'PY', 'PARAGUAY', 'Paraguay', 'PRY', 600, 595),
(168, 'PE', 'PERU', 'Peru', 'PER', 604, 51),
(169, 'PH', 'PHILIPPINES', 'Philippines', 'PHL', 608, 63),
(170, 'PN', 'PITCAIRN', 'Pitcairn', 'PCN', 612, 0),
(171, 'PL', 'POLAND', 'Poland', 'POL', 616, 48),
(172, 'PT', 'PORTUGAL', 'Portugal', 'PRT', 620, 351),
(173, 'PR', 'PUERTO RICO', 'Puerto Rico', 'PRI', 630, 1787),
(174, 'QA', 'QATAR', 'Qatar', 'QAT', 634, 974),
(175, 'RE', 'REUNION', 'Reunion', 'REU', 638, 262),
(176, 'RO', 'ROMANIA', 'Romania', 'ROM', 642, 40),
(177, 'RU', 'RUSSIAN FEDERATION', 'Russian Federation', 'RUS', 643, 70),
(178, 'RW', 'RWANDA', 'Rwanda', 'RWA', 646, 250),
(179, 'SH', 'SAINT HELENA', 'Saint Helena', 'SHN', 654, 290),
(180, 'KN', 'SAINT KITTS AND NEVIS', 'Saint Kitts and Nevis', 'KNA', 659, 1869),
(181, 'LC', 'SAINT LUCIA', 'Saint Lucia', 'LCA', 662, 1758),
(182, 'PM', 'SAINT PIERRE AND MIQUELON', 'Saint Pierre and Miquelon', 'SPM', 666, 508),
(183, 'VC', 'SAINT VINCENT AND THE GRENADINES', 'Saint Vincent and the Grenadines', 'VCT', 670, 1784),
(184, 'WS', 'SAMOA', 'Samoa', 'WSM', 882, 684),
(185, 'SM', 'SAN MARINO', 'San Marino', 'SMR', 674, 378),
(186, 'ST', 'SAO TOME AND PRINCIPE', 'Sao Tome and Principe', 'STP', 678, 239),
(187, 'SA', 'SAUDI ARABIA', 'Saudi Arabia', 'SAU', 682, 966),
(188, 'SN', 'SENEGAL', 'Senegal', 'SEN', 686, 221),
(189, 'CS', 'SERBIA AND MONTENEGRO', 'Serbia and Montenegro', NULL, NULL, 381),
(190, 'SC', 'SEYCHELLES', 'Seychelles', 'SYC', 690, 248),
(191, 'SL', 'SIERRA LEONE', 'Sierra Leone', 'SLE', 694, 232),
(192, 'SG', 'SINGAPORE', 'Singapore', 'SGP', 702, 65),
(193, 'SK', 'SLOVAKIA', 'Slovakia', 'SVK', 703, 421),
(194, 'SI', 'SLOVENIA', 'Slovenia', 'SVN', 705, 386),
(195, 'SB', 'SOLOMON ISLANDS', 'Solomon Islands', 'SLB', 90, 677),
(196, 'SO', 'SOMALIA', 'Somalia', 'SOM', 706, 252),
(197, 'ZA', 'SOUTH AFRICA', 'South Africa', 'ZAF', 710, 27),
(198, 'GS', 'SOUTH GEORGIA AND THE SOUTH SANDWICH ISLANDS', 'South Georgia and the South Sandwich Islands', NULL, NULL, 0),
(199, 'ES', 'SPAIN', 'Spain', 'ESP', 724, 34),
(200, 'LK', 'SRI LANKA', 'Sri Lanka', 'LKA', 144, 94),
(201, 'SD', 'SUDAN', 'Sudan', 'SDN', 736, 249),
(202, 'SR', 'SURINAME', 'Suriname', 'SUR', 740, 597),
(203, 'SJ', 'SVALBARD AND JAN MAYEN', 'Svalbard and Jan Mayen', 'SJM', 744, 47),
(204, 'SZ', 'SWAZILAND', 'Swaziland', 'SWZ', 748, 268),
(205, 'SE', 'SWEDEN', 'Sweden', 'SWE', 752, 46),
(206, 'CH', 'SWITZERLAND', 'Switzerland', 'CHE', 756, 41),
(207, 'SY', 'SYRIAN ARAB REPUBLIC', 'Syrian Arab Republic', 'SYR', 760, 963),
(208, 'TW', 'TAIWAN, PROVINCE OF CHINA', 'Taiwan, Province of China', 'TWN', 158, 886),
(209, 'TJ', 'TAJIKISTAN', 'Tajikistan', 'TJK', 762, 992),
(210, 'TZ', 'TANZANIA, UNITED REPUBLIC OF', 'Tanzania, United Republic of', 'TZA', 834, 255),
(211, 'TH', 'THAILAND', 'Thailand', 'THA', 764, 66),
(212, 'TL', 'TIMOR-LESTE', 'Timor-Leste', NULL, NULL, 670),
(213, 'TG', 'TOGO', 'Togo', 'TGO', 768, 228),
(214, 'TK', 'TOKELAU', 'Tokelau', 'TKL', 772, 690),
(215, 'TO', 'TONGA', 'Tonga', 'TON', 776, 676),
(216, 'TT', 'TRINIDAD AND TOBAGO', 'Trinidad and Tobago', 'TTO', 780, 1868),
(217, 'TN', 'TUNISIA', 'Tunisia', 'TUN', 788, 216),
(218, 'TR', 'TURKEY', 'Turkey', 'TUR', 792, 90),
(219, 'TM', 'TURKMENISTAN', 'Turkmenistan', 'TKM', 795, 7370),
(220, 'TC', 'TURKS AND CAICOS ISLANDS', 'Turks and Caicos Islands', 'TCA', 796, 1649),
(221, 'TV', 'TUVALU', 'Tuvalu', 'TUV', 798, 688),
(222, 'UG', 'UGANDA', 'Uganda', 'UGA', 800, 256),
(223, 'UA', 'UKRAINE', 'Ukraine', 'UKR', 804, 380),
(224, 'AE', 'UNITED ARAB EMIRATES', 'United Arab Emirates', 'ARE', 784, 971),
(225, 'GB', 'UNITED KINGDOM', 'United Kingdom', 'GBR', 826, 44),
(226, 'US', 'UNITED STATES', 'United States', 'USA', 840, 1),
(227, 'UM', 'UNITED STATES MINOR OUTLYING ISLANDS', 'United States Minor Outlying Islands', NULL, NULL, 1),
(228, 'UY', 'URUGUAY', 'Uruguay', 'URY', 858, 598),
(229, 'UZ', 'UZBEKISTAN', 'Uzbekistan', 'UZB', 860, 998),
(230, 'VU', 'VANUATU', 'Vanuatu', 'VUT', 548, 678),
(231, 'VE', 'VENEZUELA', 'Venezuela', 'VEN', 862, 58),
(232, 'VN', 'VIET NAM', 'Viet Nam', 'VNM', 704, 84),
(233, 'VG', 'VIRGIN ISLANDS, BRITISH', 'Virgin Islands, British', 'VGB', 92, 1284),
(234, 'VI', 'VIRGIN ISLANDS, U.S.', 'Virgin Islands, U.s.', 'VIR', 850, 1340),
(235, 'WF', 'WALLIS AND FUTUNA', 'Wallis and Futuna', 'WLF', 876, 681),
(236, 'EH', 'WESTERN SAHARA', 'Western Sahara', 'ESH', 732, 212),
(237, 'YE', 'YEMEN', 'Yemen', 'YEM', 887, 967),
(238, 'ZM', 'ZAMBIA', 'Zambia', 'ZMB', 894, 260),
(239, 'ZW', 'ZIMBABWE', 'Zimbabwe', 'ZWE', 716, 263);

-- --------------------------------------------------------

--
-- Table structure for table `displays`
--

CREATE TABLE `displays` (
  `id` bigint(20) UNSIGNED NOT NULL,
  `post_id` bigint(20) UNSIGNED NOT NULL,
  `mainmenu_id` bigint(20) NOT NULL,
  `submenu_id` bigint(20) DEFAULT NULL,
  `status` tinyint(1) NOT NULL,
  `is_headline` tinyint(1) NOT NULL DEFAULT 0,
  `is_fbcomment` tinyint(1) NOT NULL DEFAULT 1,
  `deleted_at` timestamp NULL DEFAULT NULL,
  `created_at` timestamp NOT NULL DEFAULT current_timestamp(),
  `updated_at` timestamp NOT NULL DEFAULT current_timestamp()
) ENGINE=InnoDB DEFAULT CHARSET=utf8mb4 COLLATE=utf8mb4_unicode_ci;

--
-- Dumping data for table `displays`
--

INSERT INTO `displays` (`id`, `post_id`, `mainmenu_id`, `submenu_id`, `status`, `is_headline`, `is_fbcomment`, `deleted_at`, `created_at`, `updated_at`) VALUES
(1, 1, 9, NULL, 1, 0, 1, NULL, '2022-08-10 20:17:12', '2022-08-10 20:17:12'),
(2, 2, 10, NULL, 1, 0, 1, NULL, '2022-08-18 09:45:53', '2022-08-18 09:45:53'),
(3, 2, 10, 5, 1, 0, 1, NULL, '2022-08-18 09:45:53', '2022-08-18 09:45:53'),
(4, 2, 10, 7, 1, 0, 1, NULL, '2022-08-18 09:45:53', '2022-08-18 09:45:53'),
(9, 7, 9, NULL, 1, 0, 1, NULL, '2022-08-24 21:13:12', '2022-08-24 21:13:12'),
(10, 8, 9, NULL, 1, 0, 1, NULL, '2022-08-24 21:20:51', '2022-08-24 21:20:51'),
(11, 9, 9, NULL, 1, 0, 1, NULL, '2022-08-25 20:00:56', '2022-08-25 20:00:56'),
(12, 10, 9, NULL, 0, 0, 1, NULL, '2022-08-25 20:53:22', '2022-08-25 20:53:22'),
(13, 11, 9, NULL, 0, 0, 1, NULL, '2022-08-25 21:02:53', '2022-08-25 21:02:53'),
(14, 12, 9, NULL, 0, 0, 1, NULL, '2022-08-25 21:03:52', '2022-08-25 21:03:52'),
(15, 13, 10, NULL, 1, 0, 1, NULL, '2022-08-25 21:18:05', '2022-08-25 21:18:05'),
(16, 13, 10, 5, 1, 0, 1, NULL, '2022-08-25 21:18:05', '2022-08-25 21:18:05'),
(17, 13, 10, 6, 1, 0, 1, NULL, '2022-08-25 21:18:05', '2022-08-25 21:18:05'),
(18, 14, 9, NULL, 1, 0, 1, NULL, '2022-08-25 21:56:07', '2022-08-25 21:56:07'),
(19, 14, 10, NULL, 1, 0, 1, NULL, '2022-08-25 21:56:07', '2022-08-25 21:56:07'),
(20, 15, 11, NULL, 1, 0, 1, NULL, '2022-08-25 21:56:56', '2022-08-25 21:56:56'),
(21, 16, 11, NULL, 1, 0, 1, NULL, '2022-08-25 21:57:37', '2022-08-25 21:57:37'),
(22, 17, 11, NULL, 1, 0, 1, '2022-08-28 20:49:36', '2022-08-25 21:58:10', '2022-08-28 20:49:36'),
(23, 18, 11, NULL, 1, 0, 1, NULL, '2022-08-25 21:59:21', '2022-08-25 21:59:21'),
(24, 19, 9, NULL, 1, 0, 1, NULL, '2022-08-26 09:51:38', '2022-08-26 09:51:38'),
(25, 20, 9, NULL, 1, 0, 1, NULL, '2022-08-26 09:54:03', '2022-08-26 09:54:03'),
(26, 21, 9, NULL, 1, 0, 1, NULL, '2022-08-26 09:55:39', '2022-08-26 09:55:39'),
(27, 22, 9, NULL, 1, 0, 1, NULL, '2022-08-26 12:21:33', '2022-08-26 12:21:33'),
(28, 23, 9, NULL, 1, 0, 1, NULL, '2022-08-26 12:25:29', '2022-08-26 12:25:29'),
(29, 24, 9, NULL, 1, 0, 1, '2022-08-28 20:52:40', '2022-08-26 12:38:10', '2022-08-28 20:52:40'),
(30, 25, 9, NULL, 1, 0, 1, '2022-08-28 20:49:56', '2022-08-26 12:41:55', '2022-08-28 20:49:56'),
(31, 26, 9, NULL, 1, 1, 1, NULL, '2022-08-26 12:44:05', '2022-08-26 22:19:41'),
(32, 27, 9, NULL, 1, 1, 1, '2022-08-28 20:34:30', '2022-08-26 12:55:56', '2022-08-28 20:34:30'),
(47, 28, 9, NULL, 1, 0, 1, '2022-09-06 22:38:08', '2022-09-06 22:34:55', '2022-09-06 22:38:08'),
(48, 28, 11, NULL, 1, 0, 1, '2022-09-06 22:38:08', '2022-09-06 22:34:55', '2022-09-06 22:38:08'),
(49, 28, 9, NULL, 1, 0, 1, NULL, '2022-09-06 22:38:08', '2022-09-06 22:38:08'),
(50, 28, 10, NULL, 1, 0, 1, NULL, '2022-09-06 22:38:08', '2022-09-06 22:38:08'),
(51, 28, 11, NULL, 1, 0, 1, NULL, '2022-09-06 22:38:08', '2022-09-06 22:38:08'),
(52, 28, 10, 6, 1, 0, 1, NULL, '2022-09-06 22:38:08', '2022-09-06 22:38:08');

-- --------------------------------------------------------

--
-- Table structure for table `facebooks`
--

CREATE TABLE `facebooks` (
  `id` bigint(20) UNSIGNED NOT NULL,
  `appid` varchar(191) COLLATE utf8mb4_unicode_ci NOT NULL,
  `app_secrete_kye` varchar(191) COLLATE utf8mb4_unicode_ci NOT NULL,
  `pageid` varchar(191) COLLATE utf8mb4_unicode_ci NOT NULL,
  `app_token_page` text COLLATE utf8mb4_unicode_ci NOT NULL,
  `app_long_token_page` text COLLATE utf8mb4_unicode_ci DEFAULT NULL,
  `created_at` timestamp NULL DEFAULT NULL,
  `updated_at` timestamp NULL DEFAULT NULL,
  `deleted_at` timestamp NULL DEFAULT NULL
) ENGINE=InnoDB DEFAULT CHARSET=utf8mb4 COLLATE=utf8mb4_unicode_ci;

--
-- Dumping data for table `facebooks`
--

INSERT INTO `facebooks` (`id`, `appid`, `app_secrete_kye`, `pageid`, `app_token_page`, `app_long_token_page`, `created_at`, `updated_at`, `deleted_at`) VALUES
(1, '3263419153940876', 'f0bf0c38d9e59c0a08b335c9c16053f8', '103574439147764', 'EAAuYDZCtsgYwBAAdLvt85JkN3AbJTwC5z6N1XXyqw1efMBWp2CNIb4ShLFZArjtYPw3J5iywBWn2373ZBeqfZCsafewKkrPCfXRkqVnhEctedF9ZAjJgpjV8Rrd2mTnDlwrhy5uQxpqFbchaSqGjupbDijZCCXFRj57OhJRFUDKquhuWgQ1OkQ', 'EAAuYDZCtsgYwBAAdLvt85JkN3AbJTwC5z6N1XXyqw1efMBWp2CNIb4ShLFZArjtYPw3J5iywBWn2373ZBeqfZCsafewKkrPCfXRkqVnhEctedF9ZAjJgpjV8Rrd2mTnDlwrhy5uQxpqFbchaSqGjupbDijZCCXFRj57OhJRFUDKquhuWgQ1OkQ', '2022-08-25 20:52:36', '2022-08-26 12:44:05', NULL);

-- --------------------------------------------------------

--
-- Table structure for table `fonts`
--

CREATE TABLE `fonts` (
  `id` int(11) NOT NULL,
  `font_name` text COLLATE utf8mb4_unicode_ci NOT NULL,
  `font_display` text COLLATE utf8mb4_unicode_ci NOT NULL
) ENGINE=InnoDB DEFAULT CHARSET=utf8mb4 COLLATE=utf8mb4_unicode_ci;

--
-- Dumping data for table `fonts`
--

INSERT INTO `fonts` (`id`, `font_name`, `font_display`) VALUES
(1, 'ABeeZee', 'ABeeZee'),
(2, 'Abel', 'Abel'),
(3, 'Abhaya Libre', 'Abhaya Libre'),
(4, 'Abril Fatface', 'Abril Fatface'),
(5, 'Aclonica', 'Aclonica'),
(6, 'Acme', 'Acme'),
(7, 'Actor', 'Actor'),
(8, 'Adamina', 'Adamina'),
(9, 'Advent Pro', 'Advent Pro'),
(10, 'Aguafina Script', 'Aguafina Script'),
(11, 'Akaya Kanadaka', 'Akaya Kanadaka'),
(12, 'Akaya Telivigala', 'Akaya Telivigala'),
(13, 'Akronim', 'Akronim'),
(14, 'Aladin', 'Aladin'),
(15, 'Alata', 'Alata'),
(16, 'Alatsi', 'Alatsi'),
(17, 'Aldrich', 'Aldrich'),
(18, 'Alef', 'Alef'),
(19, 'Alegreya', 'Alegreya'),
(20, 'Alegreya SC', 'Alegreya SC'),
(21, 'Alegreya Sans', 'Alegreya Sans'),
(22, 'Alegreya Sans SC', 'Alegreya Sans SC'),
(23, 'Aleo', 'Aleo'),
(24, 'Alex Brush', 'Alex Brush'),
(25, 'Alfa Slab One', 'Alfa Slab One'),
(26, 'Alice', 'Alice'),
(27, 'Alike', 'Alike'),
(28, 'Alike Angular', 'Alike Angular'),
(29, 'Allan', 'Allan'),
(30, 'Allerta', 'Allerta'),
(31, 'Allerta Stencil', 'Allerta Stencil'),
(32, 'Allison', 'Allison'),
(33, 'Allura', 'Allura'),
(34, 'Almarai', 'Almarai'),
(35, 'Almendra', 'Almendra'),
(36, 'Almendra Display', 'Almendra Display'),
(37, 'Almendra SC', 'Almendra SC'),
(38, 'Alumni Sans', 'Alumni Sans'),
(39, 'Amarante', 'Amarante'),
(40, 'Amaranth', 'Amaranth'),
(41, 'Amatic SC', 'Amatic SC'),
(42, 'Amethysta', 'Amethysta'),
(43, 'Amiko', 'Amiko'),
(44, 'Amiri', 'Amiri'),
(45, 'Amita', 'Amita'),
(46, 'Anaheim', 'Anaheim'),
(47, 'Andada Pro', 'Andada Pro'),
(48, 'Andika', 'Andika'),
(49, 'Andika New Basic', 'Andika New Basic'),
(50, 'Angkor', 'Angkor'),
(51, 'Annie Use Your Telescope', 'Annie Use Your Telescope'),
(52, 'Anonymous Pro', 'Anonymous Pro'),
(53, 'Antic', 'Antic'),
(54, 'Antic Didone', 'Antic Didone'),
(55, 'Antic Slab', 'Antic Slab'),
(56, 'Anton', 'Anton'),
(57, 'Antonio', 'Antonio'),
(58, 'Arapey', 'Arapey'),
(59, 'Arbutus', 'Arbutus'),
(60, 'Arbutus Slab', 'Arbutus Slab'),
(61, 'Architects Daughter', 'Architects Daughter'),
(62, 'Archivo', 'Archivo'),
(63, 'Archivo Black', 'Archivo Black'),
(64, 'Archivo Narrow', 'Archivo Narrow'),
(65, 'Are You Serious', 'Are You Serious'),
(66, 'Aref Ruqaa', 'Aref Ruqaa'),
(67, 'Arima Madurai', 'Arima Madurai'),
(68, 'Arimo', 'Arimo'),
(69, 'Arizonia', 'Arizonia'),
(70, 'Armata', 'Armata'),
(71, 'Arsenal', 'Arsenal'),
(72, 'Artifika', 'Artifika'),
(73, 'Arvo', 'Arvo'),
(74, 'Arya', 'Arya'),
(75, 'Asap', 'Asap'),
(76, 'Asap Condensed', 'Asap Condensed'),
(77, 'Asar', 'Asar'),
(78, 'Asset', 'Asset'),
(79, 'Assistant', 'Assistant'),
(80, 'Astloch', 'Astloch'),
(81, 'Asul', 'Asul'),
(82, 'Athiti', 'Athiti'),
(83, 'Atkinson Hyperlegible', 'Atkinson Hyperlegible'),
(84, 'Atma', 'Atma'),
(85, 'Atomic Age', 'Atomic Age'),
(86, 'Aubrey', 'Aubrey'),
(87, 'Audiowide', 'Audiowide'),
(88, 'Autour One', 'Autour One'),
(89, 'Average', 'Average'),
(90, 'Average Sans', 'Average Sans'),
(91, 'Averia Gruesa Libre', 'Averia Gruesa Libre'),
(92, 'Averia Libre', 'Averia Libre'),
(93, 'Averia Sans Libre', 'Averia Sans Libre'),
(94, 'Averia Serif Libre', 'Averia Serif Libre'),
(95, 'Azeret Mono', 'Azeret Mono'),
(96, 'B612', 'B612'),
(97, 'B612 Mono', 'B612 Mono'),
(98, 'Bad Script', 'Bad Script'),
(99, 'Bahiana', 'Bahiana'),
(100, 'Bahianita', 'Bahianita'),
(101, 'Bai Jamjuree', 'Bai Jamjuree'),
(102, 'Bakbak One', 'Bakbak One'),
(103, 'Ballet', 'Ballet'),
(104, 'Baloo 2', 'Baloo 2'),
(105, 'Baloo Bhai 2', 'Baloo Bhai 2'),
(106, 'Baloo Bhaijaan 2', 'Baloo Bhaijaan 2'),
(107, 'Baloo Bhaina 2', 'Baloo Bhaina 2'),
(108, 'Baloo Chettan 2', 'Baloo Chettan 2'),
(109, 'Baloo Da 2', 'Baloo Da 2'),
(110, 'Baloo Paaji 2', 'Baloo Paaji 2'),
(111, 'Baloo Tamma 2', 'Baloo Tamma 2'),
(112, 'Baloo Tammudu 2', 'Baloo Tammudu 2'),
(113, 'Baloo Thambi 2', 'Baloo Thambi 2'),
(114, 'Balsamiq Sans', 'Balsamiq Sans'),
(115, 'Balthazar', 'Balthazar'),
(116, 'Bangers', 'Bangers'),
(117, 'Barlow', 'Barlow'),
(118, 'Barlow Condensed', 'Barlow Condensed'),
(119, 'Barlow Semi Condensed', 'Barlow Semi Condensed'),
(120, 'Barriecito', 'Barriecito'),
(121, 'Barrio', 'Barrio'),
(122, 'Basic', 'Basic'),
(123, 'Baskervville', 'Baskervville'),
(124, 'Battambang', 'Battambang'),
(125, 'Baumans', 'Baumans'),
(126, 'Bayon', 'Bayon'),
(127, 'Be Vietnam Pro', 'Be Vietnam Pro'),
(128, 'Bebas Neue', 'Bebas Neue'),
(129, 'Belgrano', 'Belgrano'),
(130, 'Bellefair', 'Bellefair'),
(131, 'Belleza', 'Belleza'),
(132, 'Bellota', 'Bellota'),
(133, 'Bellota Text', 'Bellota Text'),
(134, 'BenchNine', 'BenchNine'),
(135, 'Benne', 'Benne'),
(136, 'Bentham', 'Bentham'),
(137, 'Berkshire Swash', 'Berkshire Swash'),
(138, 'Besley', 'Besley'),
(139, 'Beth Ellen', 'Beth Ellen'),
(140, 'Bevan', 'Bevan'),
(141, 'Big Shoulders Display', 'Big Shoulders Display'),
(142, 'Big Shoulders Inline Display', 'Big Shoulders Inline Display'),
(143, 'Big Shoulders Inline Text', 'Big Shoulders Inline Text'),
(144, 'Big Shoulders Stencil Display', 'Big Shoulders Stencil Display'),
(145, 'Big Shoulders Stencil Text', 'Big Shoulders Stencil Text'),
(146, 'Big Shoulders Text', 'Big Shoulders Text'),
(147, 'Bigelow Rules', 'Bigelow Rules'),
(148, 'Bigshot One', 'Bigshot One'),
(149, 'Bilbo', 'Bilbo'),
(150, 'Bilbo Swash Caps', 'Bilbo Swash Caps'),
(151, 'BioRhyme', 'BioRhyme'),
(152, 'BioRhyme Expanded', 'BioRhyme Expanded'),
(153, 'Birthstone', 'Birthstone'),
(154, 'Birthstone Bounce', 'Birthstone Bounce'),
(155, 'Biryani', 'Biryani'),
(156, 'Bitter', 'Bitter'),
(157, 'Black And White Picture', 'Black And White Picture'),
(158, 'Black Han Sans', 'Black Han Sans'),
(159, 'Black Ops One', 'Black Ops One'),
(160, 'Blinker', 'Blinker'),
(161, 'Bodoni Moda', 'Bodoni Moda'),
(162, 'Bokor', 'Bokor'),
(163, 'Bona Nova', 'Bona Nova'),
(164, 'Bonbon', 'Bonbon'),
(165, 'Bonheur Royale', 'Bonheur Royale'),
(166, 'Boogaloo', 'Boogaloo'),
(167, 'Bowlby One', 'Bowlby One'),
(168, 'Bowlby One SC', 'Bowlby One SC'),
(169, 'Brawler', 'Brawler'),
(170, 'Bree Serif', 'Bree Serif'),
(171, 'Brygada 1918', 'Brygada 1918'),
(172, 'Bubblegum Sans', 'Bubblegum Sans'),
(173, 'Bubbler One', 'Bubbler One'),
(174, 'Buda', 'Buda'),
(175, 'Buenard', 'Buenard'),
(176, 'Bungee', 'Bungee'),
(177, 'Bungee Hairline', 'Bungee Hairline'),
(178, 'Bungee Inline', 'Bungee Inline'),
(179, 'Bungee Outline', 'Bungee Outline'),
(180, 'Bungee Shade', 'Bungee Shade'),
(181, 'Butcherman', 'Butcherman'),
(182, 'Butterfly Kids', 'Butterfly Kids'),
(183, 'Cabin', 'Cabin'),
(184, 'Cabin Condensed', 'Cabin Condensed'),
(185, 'Cabin Sketch', 'Cabin Sketch'),
(186, 'Caesar Dressing', 'Caesar Dressing'),
(187, 'Cagliostro', 'Cagliostro'),
(188, 'Cairo', 'Cairo'),
(189, 'Caladea', 'Caladea'),
(190, 'Calistoga', 'Calistoga'),
(191, 'Calligraffitti', 'Calligraffitti'),
(192, 'Cambay', 'Cambay'),
(193, 'Cambo', 'Cambo'),
(194, 'Candal', 'Candal'),
(195, 'Cantarell', 'Cantarell'),
(196, 'Cantata One', 'Cantata One'),
(197, 'Cantora One', 'Cantora One'),
(198, 'Capriola', 'Capriola'),
(199, 'Caramel', 'Caramel'),
(200, 'Carattere', 'Carattere'),
(201, 'Cardo', 'Cardo'),
(202, 'Carme', 'Carme'),
(203, 'Carrois Gothic', 'Carrois Gothic'),
(204, 'Carrois Gothic SC', 'Carrois Gothic SC'),
(205, 'Carter One', 'Carter One'),
(206, 'Castoro', 'Castoro'),
(207, 'Catamaran', 'Catamaran'),
(208, 'Caudex', 'Caudex'),
(209, 'Caveat', 'Caveat'),
(210, 'Caveat Brush', 'Caveat Brush'),
(211, 'Cedarville Cursive', 'Cedarville Cursive'),
(212, 'Ceviche One', 'Ceviche One'),
(213, 'Chakra Petch', 'Chakra Petch'),
(214, 'Changa', 'Changa'),
(215, 'Changa One', 'Changa One'),
(216, 'Chango', 'Chango'),
(217, 'Charm', 'Charm'),
(218, 'Charmonman', 'Charmonman'),
(219, 'Chathura', 'Chathura'),
(220, 'Chau Philomene One', 'Chau Philomene One'),
(221, 'Chela One', 'Chela One'),
(222, 'Chelsea Market', 'Chelsea Market'),
(223, 'Chenla', 'Chenla'),
(224, 'Cherish', 'Cherish'),
(225, 'Cherry Cream Soda', 'Cherry Cream Soda'),
(226, 'Cherry Swash', 'Cherry Swash'),
(227, 'Chewy', 'Chewy'),
(228, 'Chicle', 'Chicle'),
(229, 'Chilanka', 'Chilanka'),
(230, 'Chivo', 'Chivo'),
(231, 'Chonburi', 'Chonburi'),
(232, 'Cinzel', 'Cinzel'),
(233, 'Cinzel Decorative', 'Cinzel Decorative'),
(234, 'Clicker Script', 'Clicker Script'),
(235, 'Coda', 'Coda'),
(236, 'Coda Caption', 'Coda Caption'),
(237, 'Codystar', 'Codystar'),
(238, 'Coiny', 'Coiny'),
(239, 'Combo', 'Combo'),
(240, 'Comfortaa', 'Comfortaa'),
(241, 'Comforter', 'Comforter'),
(242, 'Comforter Brush', 'Comforter Brush'),
(243, 'Comic Neue', 'Comic Neue'),
(244, 'Coming Soon', 'Coming Soon'),
(245, 'Commissioner', 'Commissioner'),
(246, 'Concert One', 'Concert One'),
(247, 'Condiment', 'Condiment'),
(248, 'Content', 'Content'),
(249, 'Contrail One', 'Contrail One'),
(250, 'Convergence', 'Convergence'),
(251, 'Cookie', 'Cookie'),
(252, 'Copse', 'Copse'),
(253, 'Corben', 'Corben'),
(254, 'Corinthia', 'Corinthia'),
(255, 'Cormorant', 'Cormorant'),
(256, 'Cormorant Garamond', 'Cormorant Garamond'),
(257, 'Cormorant Infant', 'Cormorant Infant'),
(258, 'Cormorant SC', 'Cormorant SC'),
(259, 'Cormorant Unicase', 'Cormorant Unicase'),
(260, 'Cormorant Upright', 'Cormorant Upright'),
(261, 'Courgette', 'Courgette'),
(262, 'Courier Prime', 'Courier Prime'),
(263, 'Cousine', 'Cousine'),
(264, 'Coustard', 'Coustard'),
(265, 'Covered By Your Grace', 'Covered By Your Grace'),
(266, 'Crafty Girls', 'Crafty Girls'),
(267, 'Creepster', 'Creepster'),
(268, 'Crete Round', 'Crete Round'),
(269, 'Crimson Pro', 'Crimson Pro'),
(270, 'Croissant One', 'Croissant One'),
(271, 'Crushed', 'Crushed'),
(272, 'Cuprum', 'Cuprum'),
(273, 'Cute Font', 'Cute Font'),
(274, 'Cutive', 'Cutive'),
(275, 'Cutive Mono', 'Cutive Mono'),
(276, 'DM Mono', 'DM Mono'),
(277, 'DM Sans', 'DM Sans'),
(278, 'DM Serif Display', 'DM Serif Display'),
(279, 'DM Serif Text', 'DM Serif Text'),
(280, 'Damion', 'Damion'),
(281, 'Dancing Script', 'Dancing Script'),
(282, 'Dangrek', 'Dangrek'),
(283, 'Darker Grotesque', 'Darker Grotesque'),
(284, 'David Libre', 'David Libre'),
(285, 'Dawning of a New Day', 'Dawning of a New Day'),
(286, 'Days One', 'Days One'),
(287, 'Dekko', 'Dekko'),
(288, 'Dela Gothic One', 'Dela Gothic One'),
(289, 'Delius', 'Delius'),
(290, 'Delius Swash Caps', 'Delius Swash Caps'),
(291, 'Delius Unicase', 'Delius Unicase'),
(292, 'Della Respira', 'Della Respira'),
(293, 'Denk One', 'Denk One'),
(294, 'Devonshire', 'Devonshire'),
(295, 'Dhurjati', 'Dhurjati'),
(296, 'Didact Gothic', 'Didact Gothic'),
(297, 'Diplomata', 'Diplomata'),
(298, 'Diplomata SC', 'Diplomata SC'),
(299, 'Do Hyeon', 'Do Hyeon'),
(300, 'Dokdo', 'Dokdo'),
(301, 'Domine', 'Domine'),
(302, 'Donegal One', 'Donegal One'),
(303, 'Dongle', 'Dongle'),
(304, 'Doppio One', 'Doppio One'),
(305, 'Dorsa', 'Dorsa'),
(306, 'Dosis', 'Dosis'),
(307, 'DotGothic16', 'DotGothic16'),
(308, 'Dr Sugiyama', 'Dr Sugiyama'),
(309, 'Duru Sans', 'Duru Sans'),
(310, 'Dynalight', 'Dynalight'),
(311, 'EB Garamond', 'EB Garamond'),
(312, 'Eagle Lake', 'Eagle Lake'),
(313, 'East Sea Dokdo', 'East Sea Dokdo'),
(314, 'Eater', 'Eater'),
(315, 'Economica', 'Economica'),
(316, 'Eczar', 'Eczar'),
(317, 'El Messiri', 'El Messiri'),
(318, 'Electrolize', 'Electrolize'),
(319, 'Elsie', 'Elsie'),
(320, 'Elsie Swash Caps', 'Elsie Swash Caps'),
(321, 'Emblema One', 'Emblema One'),
(322, 'Emilys Candy', 'Emilys Candy'),
(323, 'Encode Sans', 'Encode Sans'),
(324, 'Encode Sans Condensed', 'Encode Sans Condensed'),
(325, 'Encode Sans Expanded', 'Encode Sans Expanded'),
(326, 'Encode Sans SC', 'Encode Sans SC'),
(327, 'Encode Sans Semi Condensed', 'Encode Sans Semi Condensed'),
(328, 'Encode Sans Semi Expanded', 'Encode Sans Semi Expanded'),
(329, 'Engagement', 'Engagement'),
(330, 'Englebert', 'Englebert'),
(331, 'Enriqueta', 'Enriqueta'),
(332, 'Ephesis', 'Ephesis'),
(333, 'Epilogue', 'Epilogue'),
(334, 'Erica One', 'Erica One'),
(335, 'Esteban', 'Esteban'),
(336, 'Estonia', 'Estonia'),
(337, 'Euphoria Script', 'Euphoria Script'),
(338, 'Ewert', 'Ewert'),
(339, 'Exo', 'Exo'),
(340, 'Exo 2', 'Exo 2'),
(341, 'Expletus Sans', 'Expletus Sans'),
(342, 'Explora', 'Explora'),
(343, 'Fahkwang', 'Fahkwang'),
(344, 'Fanwood Text', 'Fanwood Text'),
(345, 'Farro', 'Farro'),
(346, 'Farsan', 'Farsan'),
(347, 'Fascinate', 'Fascinate'),
(348, 'Fascinate Inline', 'Fascinate Inline'),
(349, 'Faster One', 'Faster One'),
(350, 'Fasthand', 'Fasthand'),
(351, 'Fauna One', 'Fauna One'),
(352, 'Faustina', 'Faustina'),
(353, 'Federant', 'Federant'),
(354, 'Federo', 'Federo'),
(355, 'Felipa', 'Felipa'),
(356, 'Fenix', 'Fenix'),
(357, 'Festive', 'Festive'),
(358, 'Finger Paint', 'Finger Paint'),
(359, 'Fira Code', 'Fira Code'),
(360, 'Fira Mono', 'Fira Mono'),
(361, 'Fira Sans', 'Fira Sans'),
(362, 'Fira Sans Condensed', 'Fira Sans Condensed'),
(363, 'Fira Sans Extra Condensed', 'Fira Sans Extra Condensed'),
(364, 'Fjalla One', 'Fjalla One'),
(365, 'Fjord One', 'Fjord One'),
(366, 'Flamenco', 'Flamenco'),
(367, 'Flavors', 'Flavors'),
(368, 'Fleur De Leah', 'Fleur De Leah'),
(369, 'Flow Block', 'Flow Block'),
(370, 'Flow Circular', 'Flow Circular'),
(371, 'Flow Rounded', 'Flow Rounded'),
(372, 'Fondamento', 'Fondamento'),
(373, 'Fontdiner Swanky', 'Fontdiner Swanky'),
(374, 'Forum', 'Forum'),
(375, 'Francois One', 'Francois One'),
(376, 'Frank Ruhl Libre', 'Frank Ruhl Libre'),
(377, 'Fraunces', 'Fraunces'),
(378, 'Freckle Face', 'Freckle Face'),
(379, 'Fredericka the Great', 'Fredericka the Great'),
(380, 'Fredoka One', 'Fredoka One'),
(381, 'Freehand', 'Freehand'),
(382, 'Fresca', 'Fresca'),
(383, 'Frijole', 'Frijole'),
(384, 'Fruktur', 'Fruktur'),
(385, 'Fugaz One', 'Fugaz One'),
(386, 'Fuggles', 'Fuggles'),
(387, 'Fuzzy Bubbles', 'Fuzzy Bubbles'),
(388, 'GFS Didot', 'GFS Didot'),
(389, 'GFS Neohellenic', 'GFS Neohellenic'),
(390, 'Gabriela', 'Gabriela'),
(391, 'Gaegu', 'Gaegu'),
(392, 'Gafata', 'Gafata'),
(393, 'Galada', 'Galada'),
(394, 'Galdeano', 'Galdeano'),
(395, 'Galindo', 'Galindo'),
(396, 'Gamja Flower', 'Gamja Flower'),
(397, 'Gayathri', 'Gayathri'),
(398, 'Gelasio', 'Gelasio'),
(399, 'Gemunu Libre', 'Gemunu Libre'),
(400, 'Genos', 'Genos'),
(401, 'Gentium Basic', 'Gentium Basic'),
(402, 'Gentium Book Basic', 'Gentium Book Basic'),
(403, 'Geo', 'Geo'),
(404, 'Georama', 'Georama'),
(405, 'Geostar', 'Geostar'),
(406, 'Geostar Fill', 'Geostar Fill'),
(407, 'Germania One', 'Germania One'),
(408, 'Gideon Roman', 'Gideon Roman'),
(409, 'Gidugu', 'Gidugu'),
(410, 'Gilda Display', 'Gilda Display'),
(411, 'Girassol', 'Girassol'),
(412, 'Give You Glory', 'Give You Glory'),
(413, 'Glass Antiqua', 'Glass Antiqua'),
(414, 'Glegoo', 'Glegoo'),
(415, 'Gloria Hallelujah', 'Gloria Hallelujah'),
(416, 'Glory', 'Glory'),
(417, 'Gluten', 'Gluten'),
(418, 'Goblin One', 'Goblin One'),
(419, 'Gochi Hand', 'Gochi Hand'),
(420, 'Goldman', 'Goldman'),
(421, 'Gorditas', 'Gorditas'),
(422, 'Gothic A1', 'Gothic A1'),
(423, 'Gotu', 'Gotu'),
(424, 'Goudy Bookletter 1911', 'Goudy Bookletter 1911'),
(425, 'Gowun Batang', 'Gowun Batang'),
(426, 'Gowun Dodum', 'Gowun Dodum'),
(427, 'Graduate', 'Graduate'),
(428, 'Grand Hotel', 'Grand Hotel'),
(429, 'Grandstander', 'Grandstander'),
(430, 'Gravitas One', 'Gravitas One'),
(431, 'Great Vibes', 'Great Vibes'),
(432, 'Grechen Fuemen', 'Grechen Fuemen'),
(433, 'Grenze', 'Grenze'),
(434, 'Grenze Gotisch', 'Grenze Gotisch'),
(435, 'Grey Qo', 'Grey Qo'),
(436, 'Griffy', 'Griffy'),
(437, 'Gruppo', 'Gruppo'),
(438, 'Gudea', 'Gudea'),
(439, 'Gugi', 'Gugi'),
(440, 'Gupter', 'Gupter'),
(441, 'Gurajada', 'Gurajada'),
(442, 'Gwendolyn', 'Gwendolyn'),
(443, 'Habibi', 'Habibi'),
(444, 'Hachi Maru Pop', 'Hachi Maru Pop'),
(445, 'Hahmlet', 'Hahmlet'),
(446, 'Halant', 'Halant'),
(447, 'Hammersmith One', 'Hammersmith One'),
(448, 'Hanalei', 'Hanalei'),
(449, 'Hanalei Fill', 'Hanalei Fill'),
(450, 'Handlee', 'Handlee'),
(451, 'Hanuman', 'Hanuman'),
(452, 'Happy Monkey', 'Happy Monkey'),
(453, 'Harmattan', 'Harmattan'),
(454, 'Headland One', 'Headland One'),
(455, 'Heebo', 'Heebo'),
(456, 'Henny Penny', 'Henny Penny'),
(457, 'Hepta Slab', 'Hepta Slab'),
(458, 'Herr Von Muellerhoff', 'Herr Von Muellerhoff'),
(459, 'Hi Melody', 'Hi Melody'),
(460, 'Hina Mincho', 'Hina Mincho'),
(461, 'Hind', 'Hind'),
(462, 'Hind Guntur', 'Hind Guntur'),
(463, 'Hind Madurai', 'Hind Madurai'),
(464, 'Hind Siliguri', 'Hind Siliguri'),
(465, 'Hind Vadodara', 'Hind Vadodara'),
(466, 'Holtwood One SC', 'Holtwood One SC'),
(467, 'Homemade Apple', 'Homemade Apple'),
(468, 'Homenaje', 'Homenaje'),
(469, 'Hurricane', 'Hurricane'),
(470, 'IBM Plex Mono', 'IBM Plex Mono'),
(471, 'IBM Plex Sans', 'IBM Plex Sans'),
(472, 'IBM Plex Sans Arabic', 'IBM Plex Sans Arabic'),
(473, 'IBM Plex Sans Condensed', 'IBM Plex Sans Condensed'),
(474, 'IBM Plex Sans Devanagari', 'IBM Plex Sans Devanagari'),
(475, 'IBM Plex Sans Hebrew', 'IBM Plex Sans Hebrew'),
(476, 'IBM Plex Sans KR', 'IBM Plex Sans KR'),
(477, 'IBM Plex Sans Thai', 'IBM Plex Sans Thai'),
(478, 'IBM Plex Sans Thai Looped', 'IBM Plex Sans Thai Looped'),
(479, 'IBM Plex Serif', 'IBM Plex Serif'),
(480, 'IM Fell DW Pica', 'IM Fell DW Pica'),
(481, 'IM Fell DW Pica SC', 'IM Fell DW Pica SC'),
(482, 'IM Fell Double Pica', 'IM Fell Double Pica'),
(483, 'IM Fell Double Pica SC', 'IM Fell Double Pica SC'),
(484, 'IM Fell English', 'IM Fell English'),
(485, 'IM Fell English SC', 'IM Fell English SC'),
(486, 'IM Fell French Canon', 'IM Fell French Canon'),
(487, 'IM Fell French Canon SC', 'IM Fell French Canon SC'),
(488, 'IM Fell Great Primer', 'IM Fell Great Primer'),
(489, 'IM Fell Great Primer SC', 'IM Fell Great Primer SC'),
(490, 'Ibarra Real Nova', 'Ibarra Real Nova'),
(491, 'Iceberg', 'Iceberg'),
(492, 'Iceland', 'Iceland'),
(493, 'Imbue', 'Imbue'),
(494, 'Imprima', 'Imprima'),
(495, 'Inconsolata', 'Inconsolata'),
(496, 'Inder', 'Inder'),
(497, 'Indie Flower', 'Indie Flower'),
(498, 'Inika', 'Inika'),
(499, 'Inknut Antiqua', 'Inknut Antiqua'),
(500, 'Inria Sans', 'Inria Sans'),
(501, 'Inria Serif', 'Inria Serif'),
(502, 'Inter', 'Inter'),
(503, 'Irish Grover', 'Irish Grover'),
(504, 'Istok Web', 'Istok Web'),
(505, 'Italiana', 'Italiana'),
(506, 'Italianno', 'Italianno'),
(507, 'Itim', 'Itim'),
(508, 'Jacques Francois', 'Jacques Francois'),
(509, 'Jacques Francois Shadow', 'Jacques Francois Shadow'),
(510, 'Jaldi', 'Jaldi'),
(511, 'JetBrains Mono', 'JetBrains Mono'),
(512, 'Jim Nightshade', 'Jim Nightshade'),
(513, 'Jockey One', 'Jockey One'),
(514, 'Jolly Lodger', 'Jolly Lodger'),
(515, 'Jomhuria', 'Jomhuria'),
(516, 'Jomolhari', 'Jomolhari'),
(517, 'Josefin Sans', 'Josefin Sans'),
(518, 'Josefin Slab', 'Josefin Slab'),
(519, 'Jost', 'Jost'),
(520, 'Joti One', 'Joti One'),
(521, 'Jua', 'Jua'),
(522, 'Judson', 'Judson'),
(523, 'Julee', 'Julee'),
(524, 'Julius Sans One', 'Julius Sans One'),
(525, 'Junge', 'Junge'),
(526, 'Jura', 'Jura'),
(527, 'Just Another Hand', 'Just Another Hand'),
(528, 'Just Me Again Down Here', 'Just Me Again Down Here'),
(529, 'K2D', 'K2D'),
(530, 'Kadwa', 'Kadwa'),
(531, 'Kaisei Decol', 'Kaisei Decol'),
(532, 'Kaisei HarunoUmi', 'Kaisei HarunoUmi'),
(533, 'Kaisei Opti', 'Kaisei Opti'),
(534, 'Kaisei Tokumin', 'Kaisei Tokumin'),
(535, 'Kalam', 'Kalam'),
(536, 'Kameron', 'Kameron'),
(537, 'Kanit', 'Kanit'),
(538, 'Kantumruy', 'Kantumruy'),
(539, 'Karantina', 'Karantina'),
(540, 'Karla', 'Karla'),
(541, 'Karma', 'Karma'),
(542, 'Katibeh', 'Katibeh'),
(543, 'Kaushan Script', 'Kaushan Script'),
(544, 'Kavivanar', 'Kavivanar'),
(545, 'Kavoon', 'Kavoon'),
(546, 'Kdam Thmor', 'Kdam Thmor'),
(547, 'Keania One', 'Keania One'),
(548, 'Kelly Slab', 'Kelly Slab'),
(549, 'Kenia', 'Kenia'),
(550, 'Khand', 'Khand'),
(551, 'Khmer', 'Khmer'),
(552, 'Khula', 'Khula'),
(553, 'Kings', 'Kings'),
(554, 'Kirang Haerang', 'Kirang Haerang'),
(555, 'Kite One', 'Kite One'),
(556, 'Kiwi Maru', 'Kiwi Maru'),
(557, 'Klee One', 'Klee One'),
(558, 'Knewave', 'Knewave'),
(559, 'KoHo', 'KoHo'),
(560, 'Kodchasan', 'Kodchasan'),
(561, 'Koh Santepheap', 'Koh Santepheap'),
(562, 'Kosugi', 'Kosugi'),
(563, 'Kosugi Maru', 'Kosugi Maru'),
(564, 'Kotta One', 'Kotta One'),
(565, 'Koulen', 'Koulen'),
(566, 'Kranky', 'Kranky'),
(567, 'Kreon', 'Kreon'),
(568, 'Kristi', 'Kristi'),
(569, 'Krona One', 'Krona One'),
(570, 'Krub', 'Krub'),
(571, 'Kufam', 'Kufam'),
(572, 'Kulim Park', 'Kulim Park'),
(573, 'Kumar One', 'Kumar One'),
(574, 'Kumar One Outline', 'Kumar One Outline'),
(575, 'Kumbh Sans', 'Kumbh Sans'),
(576, 'Kurale', 'Kurale'),
(577, 'La Belle Aurore', 'La Belle Aurore'),
(578, 'Lacquer', 'Lacquer'),
(579, 'Laila', 'Laila'),
(580, 'Lakki Reddy', 'Lakki Reddy'),
(581, 'Lalezar', 'Lalezar'),
(582, 'Lancelot', 'Lancelot'),
(583, 'Langar', 'Langar'),
(584, 'Lateef', 'Lateef'),
(585, 'Lato', 'Lato'),
(586, 'League Script', 'League Script'),
(587, 'Leckerli One', 'Leckerli One'),
(588, 'Ledger', 'Ledger'),
(589, 'Lekton', 'Lekton'),
(590, 'Lemon', 'Lemon'),
(591, 'Lemonada', 'Lemonada'),
(592, 'Lexend', 'Lexend'),
(593, 'Lexend Deca', 'Lexend Deca'),
(594, 'Lexend Exa', 'Lexend Exa'),
(595, 'Lexend Giga', 'Lexend Giga'),
(596, 'Lexend Mega', 'Lexend Mega'),
(597, 'Lexend Peta', 'Lexend Peta'),
(598, 'Lexend Tera', 'Lexend Tera'),
(599, 'Lexend Zetta', 'Lexend Zetta'),
(600, 'Libre Barcode 128', 'Libre Barcode 128'),
(601, 'Libre Barcode 128 Text', 'Libre Barcode 128 Text'),
(602, 'Libre Barcode 39', 'Libre Barcode 39'),
(603, 'Libre Barcode 39 Extended', 'Libre Barcode 39 Extended'),
(604, 'Libre Barcode 39 Extended Text', 'Libre Barcode 39 Extended Text'),
(605, 'Libre Barcode 39 Text', 'Libre Barcode 39 Text'),
(606, 'Libre Barcode EAN13 Text', 'Libre Barcode EAN13 Text'),
(607, 'Libre Baskerville', 'Libre Baskerville'),
(608, 'Libre Caslon Display', 'Libre Caslon Display'),
(609, 'Libre Caslon Text', 'Libre Caslon Text'),
(610, 'Libre Franklin', 'Libre Franklin'),
(611, 'Life Savers', 'Life Savers'),
(612, 'Lilita One', 'Lilita One'),
(613, 'Lily Script One', 'Lily Script One'),
(614, 'Limelight', 'Limelight'),
(615, 'Linden Hill', 'Linden Hill'),
(616, 'Literata', 'Literata'),
(617, 'Liu Jian Mao Cao', 'Liu Jian Mao Cao'),
(618, 'Livvic', 'Livvic'),
(619, 'Lobster', 'Lobster'),
(620, 'Lobster Two', 'Lobster Two'),
(621, 'Londrina Outline', 'Londrina Outline'),
(622, 'Londrina Shadow', 'Londrina Shadow'),
(623, 'Londrina Sketch', 'Londrina Sketch'),
(624, 'Londrina Solid', 'Londrina Solid'),
(625, 'Long Cang', 'Long Cang'),
(626, 'Lora', 'Lora'),
(627, 'Love Ya Like A Sister', 'Love Ya Like A Sister'),
(628, 'Loved by the King', 'Loved by the King'),
(629, 'Lovers Quarrel', 'Lovers Quarrel'),
(630, 'Luckiest Guy', 'Luckiest Guy'),
(631, 'Lusitana', 'Lusitana'),
(632, 'Lustria', 'Lustria'),
(633, 'Luxurious Script', 'Luxurious Script'),
(634, 'M PLUS 1', 'M PLUS 1'),
(635, 'M PLUS 1 Code', 'M PLUS 1 Code'),
(636, 'M PLUS 1p', 'M PLUS 1p'),
(637, 'M PLUS 2', 'M PLUS 2'),
(638, 'M PLUS Code Latin', 'M PLUS Code Latin'),
(639, 'M PLUS Rounded 1c', 'M PLUS Rounded 1c'),
(640, 'Ma Shan Zheng', 'Ma Shan Zheng'),
(641, 'Macondo', 'Macondo'),
(642, 'Macondo Swash Caps', 'Macondo Swash Caps'),
(643, 'Mada', 'Mada'),
(644, 'Magra', 'Magra'),
(645, 'Maiden Orange', 'Maiden Orange'),
(646, 'Maitree', 'Maitree'),
(647, 'Major Mono Display', 'Major Mono Display'),
(648, 'Mako', 'Mako'),
(649, 'Mali', 'Mali'),
(650, 'Mallanna', 'Mallanna'),
(651, 'Mandali', 'Mandali'),
(652, 'Manjari', 'Manjari'),
(653, 'Manrope', 'Manrope'),
(654, 'Mansalva', 'Mansalva'),
(655, 'Manuale', 'Manuale'),
(656, 'Marcellus', 'Marcellus'),
(657, 'Marcellus SC', 'Marcellus SC'),
(658, 'Marck Script', 'Marck Script'),
(659, 'Margarine', 'Margarine'),
(660, 'Markazi Text', 'Markazi Text'),
(661, 'Marko One', 'Marko One'),
(662, 'Marmelad', 'Marmelad'),
(663, 'Martel', 'Martel'),
(664, 'Martel Sans', 'Martel Sans'),
(665, 'Marvel', 'Marvel'),
(666, 'Mate', 'Mate'),
(667, 'Mate SC', 'Mate SC'),
(668, 'Maven Pro', 'Maven Pro'),
(669, 'McLaren', 'McLaren'),
(670, 'Meddon', 'Meddon'),
(671, 'MedievalSharp', 'MedievalSharp'),
(672, 'Medula One', 'Medula One'),
(673, 'Meera Inimai', 'Meera Inimai'),
(674, 'Megrim', 'Megrim'),
(675, 'Meie Script', 'Meie Script'),
(676, 'Meow Script', 'Meow Script'),
(677, 'Merienda', 'Merienda'),
(678, 'Merienda One', 'Merienda One'),
(679, 'Merriweather', 'Merriweather'),
(680, 'Merriweather Sans', 'Merriweather Sans'),
(681, 'Metal', 'Metal'),
(682, 'Metal Mania', 'Metal Mania'),
(683, 'Metamorphous', 'Metamorphous'),
(684, 'Metrophobic', 'Metrophobic'),
(685, 'Michroma', 'Michroma'),
(686, 'Milonga', 'Milonga'),
(687, 'Miltonian', 'Miltonian'),
(688, 'Miltonian Tattoo', 'Miltonian Tattoo'),
(689, 'Mina', 'Mina'),
(690, 'Miniver', 'Miniver'),
(691, 'Miriam Libre', 'Miriam Libre'),
(692, 'Mirza', 'Mirza'),
(693, 'Miss Fajardose', 'Miss Fajardose'),
(694, 'Mitr', 'Mitr'),
(695, 'Mochiy Pop One', 'Mochiy Pop One'),
(696, 'Mochiy Pop P One', 'Mochiy Pop P One'),
(697, 'Modak', 'Modak'),
(698, 'Modern Antiqua', 'Modern Antiqua'),
(699, 'Mogra', 'Mogra'),
(700, 'Mohave', 'Mohave'),
(701, 'Molengo', 'Molengo'),
(702, 'Molle', 'Molle'),
(703, 'Monda', 'Monda'),
(704, 'Monofett', 'Monofett'),
(705, 'Monoton', 'Monoton'),
(706, 'Monsieur La Doulaise', 'Monsieur La Doulaise'),
(707, 'Montaga', 'Montaga'),
(708, 'Montagu Slab', 'Montagu Slab'),
(709, 'MonteCarlo', 'MonteCarlo'),
(710, 'Montez', 'Montez'),
(711, 'Montserrat', 'Montserrat'),
(712, 'Montserrat Alternates', 'Montserrat Alternates'),
(713, 'Montserrat Subrayada', 'Montserrat Subrayada'),
(714, 'Moul', 'Moul'),
(715, 'Moulpali', 'Moulpali'),
(716, 'Mountains of Christmas', 'Mountains of Christmas'),
(717, 'Mouse Memoirs', 'Mouse Memoirs'),
(718, 'Mr Bedfort', 'Mr Bedfort'),
(719, 'Mr Dafoe', 'Mr Dafoe'),
(720, 'Mr De Haviland', 'Mr De Haviland'),
(721, 'Mrs Saint Delafield', 'Mrs Saint Delafield'),
(722, 'Mrs Sheppards', 'Mrs Sheppards'),
(723, 'Mukta', 'Mukta'),
(724, 'Mukta Mahee', 'Mukta Mahee'),
(725, 'Mukta Malar', 'Mukta Malar'),
(726, 'Mukta Vaani', 'Mukta Vaani'),
(727, 'Mulish', 'Mulish'),
(728, 'Murecho', 'Murecho'),
(729, 'MuseoModerno', 'MuseoModerno'),
(730, 'Mystery Quest', 'Mystery Quest'),
(731, 'NTR', 'NTR'),
(732, 'Nanum Brush Script', 'Nanum Brush Script'),
(733, 'Nanum Gothic', 'Nanum Gothic'),
(734, 'Nanum Gothic Coding', 'Nanum Gothic Coding'),
(735, 'Nanum Myeongjo', 'Nanum Myeongjo'),
(736, 'Nanum Pen Script', 'Nanum Pen Script'),
(737, 'Nerko One', 'Nerko One'),
(738, 'Neucha', 'Neucha'),
(739, 'Neuton', 'Neuton'),
(740, 'New Rocker', 'New Rocker'),
(741, 'New Tegomin', 'New Tegomin'),
(742, 'News Cycle', 'News Cycle'),
(743, 'Newsreader', 'Newsreader'),
(744, 'Niconne', 'Niconne'),
(745, 'Niramit', 'Niramit'),
(746, 'Nixie One', 'Nixie One'),
(747, 'Nobile', 'Nobile'),
(748, 'Nokora', 'Nokora'),
(749, 'Norican', 'Norican'),
(750, 'Nosifer', 'Nosifer'),
(751, 'Notable', 'Notable'),
(752, 'Nothing You Could Do', 'Nothing You Could Do'),
(753, 'Noticia Text', 'Noticia Text'),
(754, 'Noto Kufi Arabic', 'Noto Kufi Arabic'),
(755, 'Noto Music', 'Noto Music'),
(756, 'Noto Naskh Arabic', 'Noto Naskh Arabic'),
(757, 'Noto Nastaliq Urdu', 'Noto Nastaliq Urdu'),
(758, 'Noto Rashi Hebrew', 'Noto Rashi Hebrew'),
(759, 'Noto Sans', 'Noto Sans'),
(760, 'Noto Sans Adlam', 'Noto Sans Adlam'),
(761, 'Noto Sans Adlam Unjoined', 'Noto Sans Adlam Unjoined'),
(762, 'Noto Sans Anatolian Hieroglyphs', 'Noto Sans Anatolian Hieroglyphs'),
(763, 'Noto Sans Arabic', 'Noto Sans Arabic'),
(764, 'Noto Sans Armenian', 'Noto Sans Armenian'),
(765, 'Noto Sans Avestan', 'Noto Sans Avestan'),
(766, 'Noto Sans Balinese', 'Noto Sans Balinese'),
(767, 'Noto Sans Bamum', 'Noto Sans Bamum'),
(768, 'Noto Sans Bassa Vah', 'Noto Sans Bassa Vah'),
(769, 'Noto Sans Batak', 'Noto Sans Batak'),
(770, 'Noto Sans Bengali', 'Noto Sans Bengali'),
(771, 'Noto Sans Bhaiksuki', 'Noto Sans Bhaiksuki'),
(772, 'Noto Sans Brahmi', 'Noto Sans Brahmi'),
(773, 'Noto Sans Buginese', 'Noto Sans Buginese'),
(774, 'Noto Sans Buhid', 'Noto Sans Buhid'),
(775, 'Noto Sans Canadian Aboriginal', 'Noto Sans Canadian Aboriginal'),
(776, 'Noto Sans Carian', 'Noto Sans Carian'),
(777, 'Noto Sans Caucasian Albanian', 'Noto Sans Caucasian Albanian'),
(778, 'Noto Sans Chakma', 'Noto Sans Chakma'),
(779, 'Noto Sans Cham', 'Noto Sans Cham'),
(780, 'Noto Sans Cherokee', 'Noto Sans Cherokee'),
(781, 'Noto Sans Coptic', 'Noto Sans Coptic'),
(782, 'Noto Sans Cuneiform', 'Noto Sans Cuneiform'),
(783, 'Noto Sans Cypriot', 'Noto Sans Cypriot'),
(784, 'Noto Sans Deseret', 'Noto Sans Deseret'),
(785, 'Noto Sans Devanagari', 'Noto Sans Devanagari'),
(786, 'Noto Sans Display', 'Noto Sans Display'),
(787, 'Noto Sans Duployan', 'Noto Sans Duployan'),
(788, 'Noto Sans Egyptian Hieroglyphs', 'Noto Sans Egyptian Hieroglyphs'),
(789, 'Noto Sans Elbasan', 'Noto Sans Elbasan'),
(790, 'Noto Sans Elymaic', 'Noto Sans Elymaic'),
(791, 'Noto Sans Georgian', 'Noto Sans Georgian'),
(792, 'Noto Sans Glagolitic', 'Noto Sans Glagolitic'),
(793, 'Noto Sans Gothic', 'Noto Sans Gothic'),
(794, 'Noto Sans Grantha', 'Noto Sans Grantha'),
(795, 'Noto Sans Gujarati', 'Noto Sans Gujarati'),
(796, 'Noto Sans Gunjala Gondi', 'Noto Sans Gunjala Gondi'),
(797, 'Noto Sans Gurmukhi', 'Noto Sans Gurmukhi'),
(798, 'Noto Sans HK', 'Noto Sans HK'),
(799, 'Noto Sans Hanifi Rohingya', 'Noto Sans Hanifi Rohingya'),
(800, 'Noto Sans Hanunoo', 'Noto Sans Hanunoo'),
(801, 'Noto Sans Hatran', 'Noto Sans Hatran'),
(802, 'Noto Sans Hebrew', 'Noto Sans Hebrew'),
(803, 'Noto Sans Imperial Aramaic', 'Noto Sans Imperial Aramaic'),
(804, 'Noto Sans Indic Siyaq Numbers', 'Noto Sans Indic Siyaq Numbers'),
(805, 'Noto Sans Inscriptional Pahlavi', 'Noto Sans Inscriptional Pahlavi'),
(806, 'Noto Sans Inscriptional Parthian', 'Noto Sans Inscriptional Parthian'),
(807, 'Noto Sans JP', 'Noto Sans JP'),
(808, 'Noto Sans Javanese', 'Noto Sans Javanese'),
(809, 'Noto Sans KR', 'Noto Sans KR'),
(810, 'Noto Sans Kaithi', 'Noto Sans Kaithi'),
(811, 'Noto Sans Kannada', 'Noto Sans Kannada'),
(812, 'Noto Sans Kayah Li', 'Noto Sans Kayah Li'),
(813, 'Noto Sans Kharoshthi', 'Noto Sans Kharoshthi'),
(814, 'Noto Sans Khmer', 'Noto Sans Khmer'),
(815, 'Noto Sans Khojki', 'Noto Sans Khojki'),
(816, 'Noto Sans Khudawadi', 'Noto Sans Khudawadi'),
(817, 'Noto Sans Lao', 'Noto Sans Lao'),
(818, 'Noto Sans Lepcha', 'Noto Sans Lepcha'),
(819, 'Noto Sans Limbu', 'Noto Sans Limbu'),
(820, 'Noto Sans Linear A', 'Noto Sans Linear A'),
(821, 'Noto Sans Linear B', 'Noto Sans Linear B'),
(822, 'Noto Sans Lisu', 'Noto Sans Lisu'),
(823, 'Noto Sans Lycian', 'Noto Sans Lycian'),
(824, 'Noto Sans Lydian', 'Noto Sans Lydian'),
(825, 'Noto Sans Mahajani', 'Noto Sans Mahajani'),
(826, 'Noto Sans Malayalam', 'Noto Sans Malayalam'),
(827, 'Noto Sans Mandaic', 'Noto Sans Mandaic'),
(828, 'Noto Sans Manichaean', 'Noto Sans Manichaean'),
(829, 'Noto Sans Marchen', 'Noto Sans Marchen'),
(830, 'Noto Sans Masaram Gondi', 'Noto Sans Masaram Gondi'),
(831, 'Noto Sans Math', 'Noto Sans Math'),
(832, 'Noto Sans Mayan Numerals', 'Noto Sans Mayan Numerals'),
(833, 'Noto Sans Medefaidrin', 'Noto Sans Medefaidrin'),
(834, 'Noto Sans Meetei Mayek', 'Noto Sans Meetei Mayek'),
(835, 'Noto Sans Meroitic', 'Noto Sans Meroitic'),
(836, 'Noto Sans Miao', 'Noto Sans Miao'),
(837, 'Noto Sans Modi', 'Noto Sans Modi'),
(838, 'Noto Sans Mongolian', 'Noto Sans Mongolian'),
(839, 'Noto Sans Mono', 'Noto Sans Mono'),
(840, 'Noto Sans Mro', 'Noto Sans Mro'),
(841, 'Noto Sans Multani', 'Noto Sans Multani'),
(842, 'Noto Sans Myanmar', 'Noto Sans Myanmar'),
(843, 'Noto Sans N Ko', 'Noto Sans N Ko'),
(844, 'Noto Sans Nabataean', 'Noto Sans Nabataean'),
(845, 'Noto Sans New Tai Lue', 'Noto Sans New Tai Lue'),
(846, 'Noto Sans Newa', 'Noto Sans Newa'),
(847, 'Noto Sans Nushu', 'Noto Sans Nushu'),
(848, 'Noto Sans Ogham', 'Noto Sans Ogham'),
(849, 'Noto Sans Ol Chiki', 'Noto Sans Ol Chiki'),
(850, 'Noto Sans Old Hungarian', 'Noto Sans Old Hungarian'),
(851, 'Noto Sans Old Italic', 'Noto Sans Old Italic'),
(852, 'Noto Sans Old North Arabian', 'Noto Sans Old North Arabian'),
(853, 'Noto Sans Old Permic', 'Noto Sans Old Permic'),
(854, 'Noto Sans Old Persian', 'Noto Sans Old Persian'),
(855, 'Noto Sans Old Sogdian', 'Noto Sans Old Sogdian'),
(856, 'Noto Sans Old South Arabian', 'Noto Sans Old South Arabian'),
(857, 'Noto Sans Old Turkic', 'Noto Sans Old Turkic'),
(858, 'Noto Sans Oriya', 'Noto Sans Oriya'),
(859, 'Noto Sans Osage', 'Noto Sans Osage'),
(860, 'Noto Sans Osmanya', 'Noto Sans Osmanya'),
(861, 'Noto Sans Pahawh Hmong', 'Noto Sans Pahawh Hmong'),
(862, 'Noto Sans Palmyrene', 'Noto Sans Palmyrene'),
(863, 'Noto Sans Pau Cin Hau', 'Noto Sans Pau Cin Hau'),
(864, 'Noto Sans Phags Pa', 'Noto Sans Phags Pa'),
(865, 'Noto Sans Phoenician', 'Noto Sans Phoenician'),
(866, 'Noto Sans Psalter Pahlavi', 'Noto Sans Psalter Pahlavi'),
(867, 'Noto Sans Rejang', 'Noto Sans Rejang'),
(868, 'Noto Sans Runic', 'Noto Sans Runic'),
(869, 'Noto Sans SC', 'Noto Sans SC'),
(870, 'Noto Sans Samaritan', 'Noto Sans Samaritan'),
(871, 'Noto Sans Saurashtra', 'Noto Sans Saurashtra'),
(872, 'Noto Sans Sharada', 'Noto Sans Sharada'),
(873, 'Noto Sans Shavian', 'Noto Sans Shavian'),
(874, 'Noto Sans Siddham', 'Noto Sans Siddham'),
(875, 'Noto Sans Sinhala', 'Noto Sans Sinhala'),
(876, 'Noto Sans Sogdian', 'Noto Sans Sogdian'),
(877, 'Noto Sans Sora Sompeng', 'Noto Sans Sora Sompeng'),
(878, 'Noto Sans Soyombo', 'Noto Sans Soyombo'),
(879, 'Noto Sans Sundanese', 'Noto Sans Sundanese'),
(880, 'Noto Sans Syloti Nagri', 'Noto Sans Syloti Nagri'),
(881, 'Noto Sans Symbols', 'Noto Sans Symbols'),
(882, 'Noto Sans Symbols 2', 'Noto Sans Symbols 2'),
(883, 'Noto Sans Syriac', 'Noto Sans Syriac'),
(884, 'Noto Sans TC', 'Noto Sans TC'),
(885, 'Noto Sans Tagalog', 'Noto Sans Tagalog'),
(886, 'Noto Sans Tagbanwa', 'Noto Sans Tagbanwa'),
(887, 'Noto Sans Tai Le', 'Noto Sans Tai Le'),
(888, 'Noto Sans Tai Tham', 'Noto Sans Tai Tham'),
(889, 'Noto Sans Tai Viet', 'Noto Sans Tai Viet'),
(890, 'Noto Sans Takri', 'Noto Sans Takri'),
(891, 'Noto Sans Tamil', 'Noto Sans Tamil'),
(892, 'Noto Sans Tamil Supplement', 'Noto Sans Tamil Supplement'),
(893, 'Noto Sans Telugu', 'Noto Sans Telugu'),
(894, 'Noto Sans Thaana', 'Noto Sans Thaana'),
(895, 'Noto Sans Thai', 'Noto Sans Thai'),
(896, 'Noto Sans Thai Looped', 'Noto Sans Thai Looped'),
(897, 'Noto Sans Tifinagh', 'Noto Sans Tifinagh'),
(898, 'Noto Sans Tirhuta', 'Noto Sans Tirhuta'),
(899, 'Noto Sans Ugaritic', 'Noto Sans Ugaritic'),
(900, 'Noto Sans Vai', 'Noto Sans Vai'),
(901, 'Noto Sans Wancho', 'Noto Sans Wancho'),
(902, 'Noto Sans Warang Citi', 'Noto Sans Warang Citi'),
(903, 'Noto Sans Yi', 'Noto Sans Yi'),
(904, 'Noto Sans Zanabazar Square', 'Noto Sans Zanabazar Square'),
(905, 'Noto Serif', 'Noto Serif'),
(906, 'Noto Serif Ahom', 'Noto Serif Ahom'),
(907, 'Noto Serif Armenian', 'Noto Serif Armenian'),
(908, 'Noto Serif Balinese', 'Noto Serif Balinese'),
(909, 'Noto Serif Bengali', 'Noto Serif Bengali'),
(910, 'Noto Serif Devanagari', 'Noto Serif Devanagari'),
(911, 'Noto Serif Display', 'Noto Serif Display'),
(912, 'Noto Serif Dogra', 'Noto Serif Dogra'),
(913, 'Noto Serif Ethiopic', 'Noto Serif Ethiopic'),
(914, 'Noto Serif Georgian', 'Noto Serif Georgian'),
(915, 'Noto Serif Grantha', 'Noto Serif Grantha'),
(916, 'Noto Serif Gujarati', 'Noto Serif Gujarati'),
(917, 'Noto Serif Gurmukhi', 'Noto Serif Gurmukhi'),
(918, 'Noto Serif Hebrew', 'Noto Serif Hebrew'),
(919, 'Noto Serif JP', 'Noto Serif JP'),
(920, 'Noto Serif KR', 'Noto Serif KR'),
(921, 'Noto Serif Kannada', 'Noto Serif Kannada'),
(922, 'Noto Serif Khmer', 'Noto Serif Khmer'),
(923, 'Noto Serif Lao', 'Noto Serif Lao'),
(924, 'Noto Serif Malayalam', 'Noto Serif Malayalam'),
(925, 'Noto Serif Myanmar', 'Noto Serif Myanmar'),
(926, 'Noto Serif Nyiakeng Puachue Hmong', 'Noto Serif Nyiakeng Puachue Hmong'),
(927, 'Noto Serif SC', 'Noto Serif SC'),
(928, 'Noto Serif Sinhala', 'Noto Serif Sinhala'),
(929, 'Noto Serif TC', 'Noto Serif TC'),
(930, 'Noto Serif Tamil', 'Noto Serif Tamil'),
(931, 'Noto Serif Tangut', 'Noto Serif Tangut'),
(932, 'Noto Serif Telugu', 'Noto Serif Telugu'),
(933, 'Noto Serif Thai', 'Noto Serif Thai'),
(934, 'Noto Serif Tibetan', 'Noto Serif Tibetan'),
(935, 'Noto Serif Yezidi', 'Noto Serif Yezidi'),
(936, 'Noto Traditional Nushu', 'Noto Traditional Nushu'),
(937, 'Nova Cut', 'Nova Cut'),
(938, 'Nova Flat', 'Nova Flat'),
(939, 'Nova Mono', 'Nova Mono'),
(940, 'Nova Oval', 'Nova Oval'),
(941, 'Nova Round', 'Nova Round'),
(942, 'Nova Script', 'Nova Script'),
(943, 'Nova Slim', 'Nova Slim'),
(944, 'Nova Square', 'Nova Square'),
(945, 'Numans', 'Numans'),
(946, 'Nunito', 'Nunito'),
(947, 'Nunito Sans', 'Nunito Sans'),
(948, 'Odibee Sans', 'Odibee Sans'),
(949, 'Odor Mean Chey', 'Odor Mean Chey'),
(950, 'Offside', 'Offside'),
(951, 'Oi', 'Oi'),
(952, 'Old Standard TT', 'Old Standard TT'),
(953, 'Oldenburg', 'Oldenburg'),
(954, 'Oleo Script', 'Oleo Script'),
(955, 'Oleo Script Swash Caps', 'Oleo Script Swash Caps'),
(956, 'Open Sans', 'Open Sans'),
(957, 'Open Sans Condensed', 'Open Sans Condensed'),
(958, 'Oranienbaum', 'Oranienbaum'),
(959, 'Orbitron', 'Orbitron'),
(960, 'Oregano', 'Oregano'),
(961, 'Orelega One', 'Orelega One'),
(962, 'Orienta', 'Orienta'),
(963, 'Original Surfer', 'Original Surfer'),
(964, 'Oswald', 'Oswald'),
(965, 'Otomanopee One', 'Otomanopee One'),
(966, 'Outfit', 'Outfit'),
(967, 'Over the Rainbow', 'Over the Rainbow'),
(968, 'Overlock', 'Overlock'),
(969, 'Overlock SC', 'Overlock SC'),
(970, 'Overpass', 'Overpass'),
(971, 'Overpass Mono', 'Overpass Mono'),
(972, 'Ovo', 'Ovo'),
(973, 'Oxanium', 'Oxanium'),
(974, 'Oxygen', 'Oxygen'),
(975, 'Oxygen Mono', 'Oxygen Mono'),
(976, 'PT Mono', 'PT Mono'),
(977, 'PT Sans', 'PT Sans'),
(978, 'PT Sans Caption', 'PT Sans Caption'),
(979, 'PT Sans Narrow', 'PT Sans Narrow'),
(980, 'PT Serif', 'PT Serif'),
(981, 'PT Serif Caption', 'PT Serif Caption'),
(982, 'Pacifico', 'Pacifico'),
(983, 'Padauk', 'Padauk'),
(984, 'Palanquin', 'Palanquin'),
(985, 'Palanquin Dark', 'Palanquin Dark'),
(986, 'Palette Mosaic', 'Palette Mosaic'),
(987, 'Pangolin', 'Pangolin'),
(988, 'Paprika', 'Paprika'),
(989, 'Parisienne', 'Parisienne'),
(990, 'Passero One', 'Passero One'),
(991, 'Passion One', 'Passion One'),
(992, 'Passions Conflict', 'Passions Conflict'),
(993, 'Pathway Gothic One', 'Pathway Gothic One'),
(994, 'Patrick Hand', 'Patrick Hand'),
(995, 'Patrick Hand SC', 'Patrick Hand SC'),
(996, 'Pattaya', 'Pattaya'),
(997, 'Patua One', 'Patua One'),
(998, 'Pavanam', 'Pavanam'),
(999, 'Paytone One', 'Paytone One'),
(1000, 'Peddana', 'Peddana'),
(1001, 'Peralta', 'Peralta'),
(1002, 'Permanent Marker', 'Permanent Marker'),
(1003, 'Petemoss', 'Petemoss'),
(1004, 'Petit Formal Script', 'Petit Formal Script'),
(1005, 'Petrona', 'Petrona'),
(1006, 'Philosopher', 'Philosopher'),
(1007, 'Piazzolla', 'Piazzolla'),
(1008, 'Piedra', 'Piedra'),
(1009, 'Pinyon Script', 'Pinyon Script'),
(1010, 'Pirata One', 'Pirata One'),
(1011, 'Plaster', 'Plaster'),
(1012, 'Play', 'Play'),
(1013, 'Playball', 'Playball'),
(1014, 'Playfair Display', 'Playfair Display'),
(1015, 'Playfair Display SC', 'Playfair Display SC'),
(1016, 'Podkova', 'Podkova'),
(1017, 'Poiret One', 'Poiret One'),
(1018, 'Poller One', 'Poller One'),
(1019, 'Poly', 'Poly'),
(1020, 'Pompiere', 'Pompiere'),
(1021, 'Pontano Sans', 'Pontano Sans'),
(1022, 'Poor Story', 'Poor Story'),
(1023, 'Poppins', 'Poppins'),
(1024, 'Port Lligat Sans', 'Port Lligat Sans'),
(1025, 'Port Lligat Slab', 'Port Lligat Slab'),
(1026, 'Potta One', 'Potta One'),
(1027, 'Pragati Narrow', 'Pragati Narrow'),
(1028, 'Praise', 'Praise'),
(1029, 'Prata', 'Prata'),
(1030, 'Preahvihear', 'Preahvihear'),
(1031, 'Press Start 2P', 'Press Start 2P'),
(1032, 'Pridi', 'Pridi'),
(1033, 'Princess Sofia', 'Princess Sofia'),
(1034, 'Prociono', 'Prociono'),
(1035, 'Prompt', 'Prompt'),
(1036, 'Prosto One', 'Prosto One'),
(1037, 'Proza Libre', 'Proza Libre'),
(1038, 'Public Sans', 'Public Sans'),
(1039, 'Puppies Play', 'Puppies Play'),
(1040, 'Puritan', 'Puritan'),
(1041, 'Purple Purse', 'Purple Purse'),
(1042, 'Qahiri', 'Qahiri'),
(1043, 'Quando', 'Quando'),
(1044, 'Quantico', 'Quantico'),
(1045, 'Quattrocento', 'Quattrocento'),
(1046, 'Quattrocento Sans', 'Quattrocento Sans'),
(1047, 'Questrial', 'Questrial'),
(1048, 'Quicksand', 'Quicksand'),
(1049, 'Quintessential', 'Quintessential'),
(1050, 'Qwigley', 'Qwigley'),
(1051, 'Racing Sans One', 'Racing Sans One'),
(1052, 'Radley', 'Radley'),
(1053, 'Rajdhani', 'Rajdhani'),
(1054, 'Rakkas', 'Rakkas'),
(1055, 'Raleway', 'Raleway'),
(1056, 'Raleway Dots', 'Raleway Dots'),
(1057, 'Ramabhadra', 'Ramabhadra'),
(1058, 'Ramaraja', 'Ramaraja'),
(1059, 'Rambla', 'Rambla'),
(1060, 'Rammetto One', 'Rammetto One'),
(1061, 'Rampart One', 'Rampart One'),
(1062, 'Ranchers', 'Ranchers'),
(1063, 'Rancho', 'Rancho'),
(1064, 'Ranga', 'Ranga'),
(1065, 'Rasa', 'Rasa'),
(1066, 'Rationale', 'Rationale'),
(1067, 'Ravi Prakash', 'Ravi Prakash'),
(1068, 'Readex Pro', 'Readex Pro'),
(1069, 'Recursive', 'Recursive'),
(1070, 'Red Hat Display', 'Red Hat Display'),
(1071, 'Red Hat Mono', 'Red Hat Mono'),
(1072, 'Red Hat Text', 'Red Hat Text'),
(1073, 'Red Rose', 'Red Rose'),
(1074, 'Redacted', 'Redacted'),
(1075, 'Redacted Script', 'Redacted Script'),
(1076, 'Redressed', 'Redressed'),
(1077, 'Reem Kufi', 'Reem Kufi'),
(1078, 'Reenie Beanie', 'Reenie Beanie'),
(1079, 'Reggae One', 'Reggae One'),
(1080, 'Revalia', 'Revalia'),
(1081, 'Rhodium Libre', 'Rhodium Libre'),
(1082, 'Ribeye', 'Ribeye'),
(1083, 'Ribeye Marrow', 'Ribeye Marrow'),
(1084, 'Righteous', 'Righteous'),
(1085, 'Risque', 'Risque'),
(1086, 'Road Rage', 'Road Rage'),
(1087, 'Roboto', 'Roboto'),
(1088, 'Roboto Condensed', 'Roboto Condensed'),
(1089, 'Roboto Mono', 'Roboto Mono'),
(1090, 'Roboto Slab', 'Roboto Slab'),
(1091, 'Rochester', 'Rochester'),
(1092, 'Rock Salt', 'Rock Salt'),
(1093, 'RocknRoll One', 'RocknRoll One'),
(1094, 'Rokkitt', 'Rokkitt'),
(1095, 'Romanesco', 'Romanesco'),
(1096, 'Ropa Sans', 'Ropa Sans'),
(1097, 'Rosario', 'Rosario'),
(1098, 'Rosarivo', 'Rosarivo'),
(1099, 'Rouge Script', 'Rouge Script'),
(1100, 'Rowdies', 'Rowdies'),
(1101, 'Rozha One', 'Rozha One'),
(1102, 'Rubik', 'Rubik'),
(1103, 'Rubik Beastly', 'Rubik Beastly'),
(1104, 'Rubik Mono One', 'Rubik Mono One'),
(1105, 'Ruda', 'Ruda'),
(1106, 'Rufina', 'Rufina'),
(1107, 'Ruge Boogie', 'Ruge Boogie'),
(1108, 'Ruluko', 'Ruluko'),
(1109, 'Rum Raisin', 'Rum Raisin'),
(1110, 'Ruslan Display', 'Ruslan Display'),
(1111, 'Russo One', 'Russo One'),
(1112, 'Ruthie', 'Ruthie'),
(1113, 'Rye', 'Rye'),
(1114, 'STIX Two Text', 'STIX Two Text'),
(1115, 'Sacramento', 'Sacramento'),
(1116, 'Sahitya', 'Sahitya'),
(1117, 'Sail', 'Sail'),
(1118, 'Saira', 'Saira'),
(1119, 'Saira Condensed', 'Saira Condensed'),
(1120, 'Saira Extra Condensed', 'Saira Extra Condensed'),
(1121, 'Saira Semi Condensed', 'Saira Semi Condensed'),
(1122, 'Saira Stencil One', 'Saira Stencil One'),
(1123, 'Salsa', 'Salsa'),
(1124, 'Sanchez', 'Sanchez'),
(1125, 'Sancreek', 'Sancreek'),
(1126, 'Sansita', 'Sansita'),
(1127, 'Sansita Swashed', 'Sansita Swashed'),
(1128, 'Sarabun', 'Sarabun'),
(1129, 'Sarala', 'Sarala'),
(1130, 'Sarina', 'Sarina'),
(1131, 'Sarpanch', 'Sarpanch'),
(1132, 'Sassy Frass', 'Sassy Frass'),
(1133, 'Satisfy', 'Satisfy'),
(1134, 'Sawarabi Gothic', 'Sawarabi Gothic'),
(1135, 'Sawarabi Mincho', 'Sawarabi Mincho'),
(1136, 'Scada', 'Scada'),
(1137, 'Scheherazade New', 'Scheherazade New'),
(1138, 'Schoolbell', 'Schoolbell'),
(1139, 'Scope One', 'Scope One'),
(1140, 'Seaweed Script', 'Seaweed Script'),
(1141, 'Secular One', 'Secular One'),
(1142, 'Sedgwick Ave', 'Sedgwick Ave'),
(1143, 'Sedgwick Ave Display', 'Sedgwick Ave Display'),
(1144, 'Sen', 'Sen'),
(1145, 'Sevillana', 'Sevillana'),
(1146, 'Seymour One', 'Seymour One'),
(1147, 'Shadows Into Light', 'Shadows Into Light'),
(1148, 'Shadows Into Light Two', 'Shadows Into Light Two'),
(1149, 'Shalimar', 'Shalimar'),
(1150, 'Shanti', 'Shanti'),
(1151, 'Share', 'Share'),
(1152, 'Share Tech', 'Share Tech'),
(1153, 'Share Tech Mono', 'Share Tech Mono'),
(1154, 'Shippori Antique', 'Shippori Antique'),
(1155, 'Shippori Antique B1', 'Shippori Antique B1'),
(1156, 'Shippori Mincho', 'Shippori Mincho'),
(1157, 'Shippori Mincho B1', 'Shippori Mincho B1'),
(1158, 'Shojumaru', 'Shojumaru'),
(1159, 'Short Stack', 'Short Stack'),
(1160, 'Shrikhand', 'Shrikhand'),
(1161, 'Siemreap', 'Siemreap'),
(1162, 'Sigmar One', 'Sigmar One'),
(1163, 'Signika', 'Signika'),
(1164, 'Signika Negative', 'Signika Negative'),
(1165, 'Simonetta', 'Simonetta'),
(1166, 'Single Day', 'Single Day'),
(1167, 'Sintony', 'Sintony'),
(1168, 'Sirin Stencil', 'Sirin Stencil'),
(1169, 'Six Caps', 'Six Caps'),
(1170, 'Skranji', 'Skranji'),
(1171, 'Slabo 13px', 'Slabo 13px'),
(1172, 'Slabo 27px', 'Slabo 27px'),
(1173, 'Slackey', 'Slackey'),
(1174, 'Smokum', 'Smokum'),
(1175, 'Smooch', 'Smooch'),
(1176, 'Smythe', 'Smythe'),
(1177, 'Sniglet', 'Sniglet'),
(1178, 'Snippet', 'Snippet'),
(1179, 'Snowburst One', 'Snowburst One'),
(1180, 'Sofadi One', 'Sofadi One'),
(1181, 'Sofia', 'Sofia'),
(1182, 'Solway', 'Solway'),
(1183, 'Song Myung', 'Song Myung'),
(1184, 'Sonsie One', 'Sonsie One'),
(1185, 'Sora', 'Sora'),
(1186, 'Sorts Mill Goudy', 'Sorts Mill Goudy'),
(1187, 'Source Code Pro', 'Source Code Pro'),
(1188, 'Source Sans 3', 'Source Sans 3'),
(1189, 'Source Sans Pro', 'Source Sans Pro'),
(1190, 'Source Serif Pro', 'Source Serif Pro'),
(1191, 'Space Grotesk', 'Space Grotesk'),
(1192, 'Space Mono', 'Space Mono'),
(1193, 'Spartan', 'Spartan'),
(1194, 'Special Elite', 'Special Elite'),
(1195, 'Spectral', 'Spectral'),
(1196, 'Spectral SC', 'Spectral SC'),
(1197, 'Spicy Rice', 'Spicy Rice'),
(1198, 'Spinnaker', 'Spinnaker'),
(1199, 'Spirax', 'Spirax'),
(1200, 'Squada One', 'Squada One'),
(1201, 'Sree Krushnadevaraya', 'Sree Krushnadevaraya'),
(1202, 'Sriracha', 'Sriracha'),
(1203, 'Srisakdi', 'Srisakdi'),
(1204, 'Staatliches', 'Staatliches'),
(1205, 'Stalemate', 'Stalemate'),
(1206, 'Stalinist One', 'Stalinist One'),
(1207, 'Stardos Stencil', 'Stardos Stencil'),
(1208, 'Stick', 'Stick'),
(1209, 'Stick No Bills', 'Stick No Bills'),
(1210, 'Stint Ultra Condensed', 'Stint Ultra Condensed'),
(1211, 'Stint Ultra Expanded', 'Stint Ultra Expanded'),
(1212, 'Stoke', 'Stoke'),
(1213, 'Strait', 'Strait'),
(1214, 'Style Script', 'Style Script'),
(1215, 'Stylish', 'Stylish'),
(1216, 'Sue Ellen Francisco', 'Sue Ellen Francisco'),
(1217, 'Suez One', 'Suez One'),
(1218, 'Sulphur Point', 'Sulphur Point'),
(1219, 'Sumana', 'Sumana'),
(1220, 'Sunflower', 'Sunflower'),
(1221, 'Sunshiney', 'Sunshiney'),
(1222, 'Supermercado One', 'Supermercado One'),
(1223, 'Sura', 'Sura'),
(1224, 'Suranna', 'Suranna'),
(1225, 'Suravaram', 'Suravaram'),
(1226, 'Suwannaphum', 'Suwannaphum'),
(1227, 'Swanky and Moo Moo', 'Swanky and Moo Moo'),
(1228, 'Syncopate', 'Syncopate'),
(1229, 'Syne', 'Syne'),
(1230, 'Syne Mono', 'Syne Mono'),
(1231, 'Syne Tactile', 'Syne Tactile'),
(1232, 'Tajawal', 'Tajawal'),
(1233, 'Tangerine', 'Tangerine'),
(1234, 'Taprom', 'Taprom'),
(1235, 'Tauri', 'Tauri'),
(1236, 'Taviraj', 'Taviraj'),
(1237, 'Teko', 'Teko'),
(1238, 'Telex', 'Telex'),
(1239, 'Tenali Ramakrishna', 'Tenali Ramakrishna'),
(1240, 'Tenor Sans', 'Tenor Sans'),
(1241, 'Text Me One', 'Text Me One'),
(1242, 'Texturina', 'Texturina'),
(1243, 'Thasadith', 'Thasadith'),
(1244, 'The Girl Next Door', 'The Girl Next Door'),
(1245, 'Tienne', 'Tienne'),
(1246, 'Tillana', 'Tillana'),
(1247, 'Timmana', 'Timmana'),
(1248, 'Tinos', 'Tinos'),
(1249, 'Titan One', 'Titan One'),
(1250, 'Titillium Web', 'Titillium Web'),
(1251, 'Tomorrow', 'Tomorrow'),
(1252, 'Tourney', 'Tourney'),
(1253, 'Trade Winds', 'Trade Winds'),
(1254, 'Train One', 'Train One'),
(1255, 'Trirong', 'Trirong'),
(1256, 'Trispace', 'Trispace'),
(1257, 'Trocchi', 'Trocchi'),
(1258, 'Trochut', 'Trochut'),
(1259, 'Truculenta', 'Truculenta'),
(1260, 'Trykker', 'Trykker'),
(1261, 'Tulpen One', 'Tulpen One'),
(1262, 'Turret Road', 'Turret Road'),
(1263, 'Ubuntu', 'Ubuntu'),
(1264, 'Ubuntu Condensed', 'Ubuntu Condensed'),
(1265, 'Ubuntu Mono', 'Ubuntu Mono'),
(1266, 'Uchen', 'Uchen'),
(1267, 'Ultra', 'Ultra'),
(1268, 'Uncial Antiqua', 'Uncial Antiqua'),
(1269, 'Underdog', 'Underdog'),
(1270, 'Unica One', 'Unica One'),
(1271, 'UnifrakturCook', 'UnifrakturCook'),
(1272, 'UnifrakturMaguntia', 'UnifrakturMaguntia'),
(1273, 'Unkempt', 'Unkempt'),
(1274, 'Unlock', 'Unlock'),
(1275, 'Unna', 'Unna'),
(1276, 'Urbanist', 'Urbanist'),
(1277, 'VT323', 'VT323'),
(1278, 'Vampiro One', 'Vampiro One'),
(1279, 'Varela', 'Varela'),
(1280, 'Varela Round', 'Varela Round'),
(1281, 'Varta', 'Varta'),
(1282, 'Vast Shadow', 'Vast Shadow'),
(1283, 'Vesper Libre', 'Vesper Libre'),
(1284, 'Viaoda Libre', 'Viaoda Libre'),
(1285, 'Vibes', 'Vibes'),
(1286, 'Vibur', 'Vibur'),
(1287, 'Vidaloka', 'Vidaloka'),
(1288, 'Viga', 'Viga'),
(1289, 'Voces', 'Voces'),
(1290, 'Volkhov', 'Volkhov'),
(1291, 'Vollkorn', 'Vollkorn'),
(1292, 'Vollkorn SC', 'Vollkorn SC'),
(1293, 'Voltaire', 'Voltaire'),
(1294, 'Waiting for the Sunrise', 'Waiting for the Sunrise'),
(1295, 'Wallpoet', 'Wallpoet'),
(1296, 'Walter Turncoat', 'Walter Turncoat'),
(1297, 'Warnes', 'Warnes'),
(1298, 'Wellfleet', 'Wellfleet'),
(1299, 'Wendy One', 'Wendy One'),
(1300, 'WindSong', 'WindSong'),
(1301, 'Wire One', 'Wire One'),
(1302, 'Work Sans', 'Work Sans'),
(1303, 'Xanh Mono', 'Xanh Mono'),
(1304, 'Yaldevi', 'Yaldevi'),
(1305, 'Yanone Kaffeesatz', 'Yanone Kaffeesatz'),
(1306, 'Yantramanav', 'Yantramanav'),
(1307, 'Yatra One', 'Yatra One'),
(1308, 'Yellowtail', 'Yellowtail'),
(1309, 'Yeon Sung', 'Yeon Sung'),
(1310, 'Yeseva One', 'Yeseva One'),
(1311, 'Yesteryear', 'Yesteryear'),
(1312, 'Yomogi', 'Yomogi'),
(1313, 'Yrsa', 'Yrsa'),
(1314, 'Yuji Boku', 'Yuji Boku'),
(1315, 'Yuji Mai', 'Yuji Mai'),
(1316, 'Yuji Syuku', 'Yuji Syuku'),
(1317, 'Yusei Magic', 'Yusei Magic'),
(1318, 'ZCOOL KuaiLe', 'ZCOOL KuaiLe'),
(1319, 'ZCOOL QingKe HuangYou', 'ZCOOL QingKe HuangYou'),
(1320, 'ZCOOL XiaoWei', 'ZCOOL XiaoWei'),
(1321, 'Zen Antique', 'Zen Antique'),
(1322, 'Zen Antique Soft', 'Zen Antique Soft'),
(1323, 'Zen Dots', 'Zen Dots'),
(1324, 'Zen Kaku Gothic Antique', 'Zen Kaku Gothic Antique'),
(1325, 'Zen Kaku Gothic New', 'Zen Kaku Gothic New'),
(1326, 'Zen Kurenaido', 'Zen Kurenaido'),
(1327, 'Zen Loop', 'Zen Loop'),
(1328, 'Zen Maru Gothic', 'Zen Maru Gothic'),
(1329, 'Zen Old Mincho', 'Zen Old Mincho'),
(1330, 'Zen Tokyo Zoo', 'Zen Tokyo Zoo'),
(1331, 'Zeyada', 'Zeyada'),
(1332, 'Zhi Mang Xing', 'Zhi Mang Xing'),
(1333, 'Zilla Slab', 'Zilla Slab'),
(1334, 'Zilla Slab Highlight', 'Zilla Slab Highlight');

-- --------------------------------------------------------

--
-- Table structure for table `footers`
--

CREATE TABLE `footers` (
  `id` bigint(20) UNSIGNED NOT NULL,
  `contact` varchar(255) COLLATE utf8mb4_unicode_ci NOT NULL,
  `email` varchar(255) COLLATE utf8mb4_unicode_ci NOT NULL,
  `house` varchar(255) COLLATE utf8mb4_unicode_ci NOT NULL,
  `road` varchar(255) COLLATE utf8mb4_unicode_ci NOT NULL,
  `location` varchar(255) COLLATE utf8mb4_unicode_ci NOT NULL,
  `footer_detail` text COLLATE utf8mb4_unicode_ci NOT NULL,
  `location_text` varchar(255) COLLATE utf8mb4_unicode_ci DEFAULT NULL,
  `copyright` varchar(255) COLLATE utf8mb4_unicode_ci NOT NULL,
  `created_at` timestamp NULL DEFAULT NULL,
  `updated_at` timestamp NULL DEFAULT NULL,
  `deleted_at` timestamp NULL DEFAULT NULL
) ENGINE=InnoDB DEFAULT CHARSET=utf8mb4 COLLATE=utf8mb4_unicode_ci;

--
-- Dumping data for table `footers`
--

INSERT INTO `footers` (`id`, `contact`, `email`, `house`, `road`, `location`, `footer_detail`, `location_text`, `copyright`, `created_at`, `updated_at`, `deleted_at`) VALUES
(1, '01712183915', 'amaderprotidin.rang@gmail.com', '  ,  ', '.. ', ' , ', 'Contrary to popular belief, Lorem Ipsum is not simply random text. It has roots in a piece of classical Latin literature from 45 BC, making it over 2000 years old. Richard McClintock, a Latin professor at Hampden-Sydney College in Virginia, looked up one of the more obscure Latin words, consectetur, from a Lorem Ipsum passage, and going through the cites of the word in classical literature, discovered the undoubtable source. Lorem Ipsum', ' ,   ,  ,   ', '  ', '2022-07-01 07:27:14', '2022-07-01 07:37:28', NULL);

-- --------------------------------------------------------

--
-- Table structure for table `languages`
--

CREATE TABLE `languages` (
  `id` int(10) UNSIGNED NOT NULL,
  `name` char(49) COLLATE utf8mb4_unicode_ci DEFAULT NULL,
  `lngcode` char(2) COLLATE utf8mb4_unicode_ci DEFAULT NULL
) ENGINE=InnoDB DEFAULT CHARSET=utf8mb4 COLLATE=utf8mb4_unicode_ci;

--
-- Dumping data for table `languages`
--

INSERT INTO `languages` (`id`, `name`, `lngcode`) VALUES
(1, 'English', 'en'),
(2, 'Afar', 'aa'),
(3, 'Abkhazian', 'ab'),
(4, 'Afrikaans', 'af'),
(5, 'Amharic', 'am'),
(6, 'Arabic', 'ar'),
(7, 'Assamese', 'as'),
(8, 'Aymara', 'ay'),
(9, 'Azerbaijani', 'az'),
(10, 'Bashkir', 'ba'),
(11, 'Belarusian', 'be'),
(12, 'Bulgarian', 'bg'),
(13, 'Bihari', 'bh'),
(14, 'Bislama', 'bi'),
(15, 'Bangla', 'bn'),
(16, 'Tibetan', 'bo'),
(17, 'Breton', 'br'),
(18, 'Catalan', 'ca'),
(19, 'Corsican', 'co'),
(20, 'Czech', 'cs'),
(21, 'Welsh', 'cy'),
(22, 'Danish', 'da'),
(23, 'German', 'de'),
(24, 'Bhutani', 'dz'),
(25, 'Greek', 'el'),
(26, 'Esperanto', 'eo'),
(27, 'Spanish', 'es'),
(28, 'Estonian', 'et'),
(29, 'Basque', 'eu'),
(30, 'Persian', 'fa'),
(31, 'Finnish', 'fi'),
(32, 'Fiji', 'fj'),
(33, 'Faeroese', 'fo'),
(34, 'French', 'fr'),
(35, 'Frisian', 'fy'),
(36, 'Irish', 'ga'),
(37, 'Scots/Gaelic', 'gd'),
(38, 'Galician', 'gl'),
(39, 'Guarani', 'gn'),
(40, 'Gujarati', 'gu'),
(41, 'Hausa', 'ha'),
(42, 'Hindi', 'hi'),
(43, 'Croatian', 'hr'),
(44, 'Hungarian', 'hu'),
(45, 'Armenian', 'hy'),
(46, 'Interlingua', 'ia'),
(47, 'Interlingue', 'ie'),
(48, 'Inupiak', 'ik'),
(49, 'Indonesian', 'in'),
(50, 'Icelandic', 'is'),
(51, 'Italian', 'it'),
(52, 'Hebrew', 'iw'),
(53, 'Japanese', 'ja'),
(54, 'Yiddish', 'ji'),
(55, 'Javanese', 'jw'),
(56, 'Georgian', 'ka'),
(57, 'Kazakh', 'kk'),
(58, 'Greenlandic', 'kl'),
(59, 'Cambodian', 'km'),
(60, 'Kannada', 'kn'),
(61, 'Korean', 'ko'),
(62, 'Kashmiri', 'ks'),
(63, 'Kurdish', 'ku'),
(64, 'Kirghiz', 'ky'),
(65, 'Latin', 'la'),
(66, 'Lingala', 'ln'),
(67, 'Laothian', 'lo'),
(68, 'Lithuanian', 'lt'),
(69, 'Latvian/Lettish', 'lv'),
(70, 'Malagasy', 'mg'),
(71, 'Maori', 'mi'),
(72, 'Macedonian', 'mk'),
(73, 'Malayalam', 'ml'),
(74, 'Mongolian', 'mn'),
(75, 'Moldavian', 'mo'),
(76, 'Marathi', 'mr'),
(77, 'Malay', 'ms'),
(78, 'Maltese', 'mt'),
(79, 'Burmese', 'my'),
(80, 'Nauru', 'na'),
(81, 'Nepali', 'ne'),
(82, 'Dutch', 'nl'),
(83, 'Norwegian', 'no'),
(84, 'Occitan', 'oc'),
(85, '(Afan)/Oromoor/Oriya', 'om'),
(86, 'Punjabi', 'pa'),
(87, 'Polish', 'pl'),
(88, 'Pashto/Pushto', 'ps'),
(89, 'Portuguese', 'pt'),
(90, 'Quechua', 'qu'),
(91, 'Rhaeto-Romance', 'rm'),
(92, 'Kirundi', 'rn'),
(93, 'Romanian', 'ro'),
(94, 'Russian', 'ru'),
(95, 'Kinyarwanda', 'rw'),
(96, 'Sanskrit', 'sa'),
(97, 'Sindhi', 'sd'),
(98, 'Sangro', 'sg'),
(99, 'Serbo-Croatian', 'sh'),
(100, 'Singhalese', 'si'),
(101, 'Slovak', 'sk'),
(102, 'Slovenian', 'sl'),
(103, 'Samoan', 'sm'),
(104, 'Shona', 'sn'),
(105, 'Somali', 'so'),
(106, 'Albanian', 'sq'),
(107, 'Serbian', 'sr'),
(108, 'Siswati', 'ss'),
(109, 'Sesotho', 'st'),
(110, 'Sundanese', 'su'),
(111, 'Swedish', 'sv'),
(112, 'Swahili', 'sw'),
(113, 'Tamil', 'ta'),
(114, 'Telugu', 'te'),
(115, 'Tajik', 'tg'),
(116, 'Thai', 'th'),
(117, 'Tigrinya', 'ti'),
(118, 'Turkmen', 'tk'),
(119, 'Tagalog', 'tl'),
(120, 'Setswana', 'tn'),
(121, 'Tonga', 'to'),
(122, 'Turkish', 'tr'),
(123, 'Tsonga', 'ts'),
(124, 'Tatar', 'tt'),
(125, 'Twi', 'tw'),
(126, 'Ukrainian', 'uk'),
(127, 'Urdu', 'ur'),
(128, 'Uzbek', 'uz'),
(129, 'Vietnamese', 'vi'),
(130, 'Volapuk', 'vo'),
(131, 'Wolof', 'wo'),
(132, 'Xhosa', 'xh'),
(133, 'Yoruba', 'yo'),
(134, 'Chinese', 'zh'),
(135, 'Zulu', 'zu');

-- --------------------------------------------------------

--
-- Table structure for table `mainmenus`
--

CREATE TABLE `mainmenus` (
  `id` bigint(20) UNSIGNED NOT NULL,
  `name` varchar(191) COLLATE utf8mb4_unicode_ci NOT NULL,
  `slug` varchar(191) COLLATE utf8mb4_unicode_ci NOT NULL,
  `serial` int(11) NOT NULL,
  `status` int(11) NOT NULL,
  `created_at` timestamp NULL DEFAULT NULL,
  `updated_at` timestamp NULL DEFAULT NULL,
  `deleted_at` timestamp NULL DEFAULT NULL
) ENGINE=InnoDB DEFAULT CHARSET=utf8mb4 COLLATE=utf8mb4_unicode_ci;

--
-- Dumping data for table `mainmenus`
--

INSERT INTO `mainmenus` (`id`, `name`, `slug`, `serial`, `status`, `created_at`, `updated_at`, `deleted_at`) VALUES
(9, '', '20220719191858', 2, 1, '2022-07-19 13:18:58', '2022-07-19 13:18:58', NULL),
(10, '', '20220719191933', 3, 1, '2022-07-19 13:19:33', '2022-07-19 13:19:33', NULL),
(11, '', '20220719192022', 4, 1, '2022-07-19 13:20:22', '2022-07-19 13:20:22', NULL),
(12, '', '20220719192240', 5, 1, '2022-07-19 13:22:40', '2022-07-19 13:22:40', NULL),
(13, '', '20220719192527', 6, 1, '2022-07-19 13:25:27', '2022-07-19 13:25:27', NULL),
(14, '', '20220719192551', 7, 1, '2022-07-19 13:25:51', '2022-07-19 14:06:14', NULL),
(15, '', '20220719192653', 8, 1, '2022-07-19 13:26:53', '2022-07-19 13:26:53', NULL),
(16, '', '20220719193047', 9, 1, '2022-07-19 13:30:47', '2022-07-19 13:30:47', NULL),
(17, '', '20220719193220', 10, 1, '2022-07-19 13:32:20', '2022-07-19 13:32:20', NULL);

-- --------------------------------------------------------

--
-- Table structure for table `migrations`
--

CREATE TABLE `migrations` (
  `id` int(10) UNSIGNED NOT NULL,
  `migration` varchar(255) COLLATE utf8mb4_unicode_ci NOT NULL,
  `batch` int(11) NOT NULL
) ENGINE=InnoDB DEFAULT CHARSET=utf8mb4 COLLATE=utf8mb4_unicode_ci;

--
-- Dumping data for table `migrations`
--

INSERT INTO `migrations` (`id`, `migration`, `batch`) VALUES
(1, '2022_06_25_150126_create_seos_table', 1),
(6, '2022_06_25_201329_create_websettings_table', 2),
(9, '2022_06_30_233602_create_footers_table', 3),
(12, '2022_07_01_143545_create_users_table', 4),
(13, '2022_07_01_150857_create_udetails_table', 4),
(14, '2022_07_02_214756_create_socials_table', 5),
(15, '2022_07_04_151159_create_mainmenus_table', 6),
(16, '2022_07_04_212517_create_submenus_table', 7),
(27, '2022_07_20_210113_create_posts_table', 8),
(28, '2022_08_03_203101_create_displays_table', 8),
(33, '2022_08_24_015139_create_facebooks_table', 9),
(34, '2022_08_29_235119_create_roles_table', 10);

-- --------------------------------------------------------

--
-- Table structure for table `posts`
--

CREATE TABLE `posts` (
  `id` bigint(20) UNSIGNED NOT NULL,
  `subhead` tinytext COLLATE utf8mb4_unicode_ci DEFAULT NULL,
  `head` text COLLATE utf8mb4_unicode_ci NOT NULL,
  `detail` longtext COLLATE utf8mb4_unicode_ci NOT NULL,
  `imgloc` text COLLATE utf8mb4_unicode_ci NOT NULL,
  `caption` varchar(191) COLLATE utf8mb4_unicode_ci DEFAULT NULL,
  `view` bigint(20) NOT NULL DEFAULT 0,
  `author` varchar(191) COLLATE utf8mb4_unicode_ci DEFAULT NULL,
  `created_by` int(11) NOT NULL,
  `update_by` int(11) DEFAULT NULL,
  `date` date NOT NULL,
  `deleted_at` timestamp NULL DEFAULT NULL,
  `created_at` timestamp NULL DEFAULT NULL,
  `updated_at` timestamp NULL DEFAULT NULL
) ENGINE=InnoDB DEFAULT CHARSET=utf8mb4 COLLATE=utf8mb4_unicode_ci;

--
-- Dumping data for table `posts`
--

INSERT INTO `posts` (`id`, `subhead`, `head`, `detail`, `imgloc`, `caption`, `view`, `author`, `created_by`, `update_by`, `date`, `deleted_at`, `created_at`, `updated_at`) VALUES
(1, ' ', '  %    ', '<p>                                                         </p>\r\n\r\n<p>                                                 ,        </p>\r\n\r\n<p>                                                         </p>\r\n\r\n<p>                                                 ,        </p>\r\n\r\n<p>                                                         </p>\r\n\r\n<p>                                                 ,        </p>\r\n\r\n<p>                                                         </p>\r\n\r\n<p>                                                 ,        </p>\r\n\r\n<p>                                                         </p>\r\n\r\n<p>                                                 ,        </p>\r\n\r\n<p>                                                         </p>\r\n\r\n<p>                                                 ,        </p>\r\n\r\n<p>                                                         </p>\r\n\r\n<p>                                                 ,        </p>', 'storage/postpic/1660162632.jpg', ' %    ', 0, ' ', 1, NULL, '2022-08-11', NULL, '2022-08-10 20:17:12', '2022-08-10 20:17:12'),
(2, 'sdsfsdfsadfasf', 'sdsfsdfsadfasf sdsfsdfsadfasfsd sfsdfsadfasf bsdsfsdfsadfasf', '<p>sdsfsdfsadfasf sdsfsdfsadfasfsd sfsdfsadfasf bsdsfsdfsadfasfsdsfsdfsadfasf sdsfsdfsadfasfsd sfsdfsadfasf bsdsfsdfsadfasfsdsfsdfsadfasf sdsfsdfsadfasfsd sfsdfsadfasf bsdsfsdfsadfasfsdsfsdfsadfasf sdsfsdfsadfasfsd sfsdfsadfasf bsdsfsdfsadfasfsdsfsdfsadfasf sdsfsdfsadfasfsd sfsdfsadfasf bsdsfsdfsadfasfsdsfsdfsadfasf sdsfsdfsadfasfsd sfsdfsadfasf bsdsfsdfsadfasfsdsfsdfsadfasf sdsfsdfsadfasfsd sfsdfsadfasf bsdsfsdfsadfasfsdsfsdfsadfasf sdsfsdfsadfasfsd sfsdfsadfasf bsdsfsdfsadfasfsdsfsdfsadfasf sdsfsdfsadfasfsd sfsdfsadfasf bsdsfsdfsadfasfsdsfsdfsadfasf sdsfsdfsadfasfsd sfsdfsadfasf bsdsfsdfsadfasfsdsfsdfsadfasf sdsfsdfsadfasfsd sfsdfsadfasf bsdsfsdfsadfasfsdsfsdfsadfasf sdsfsdfsadfasfsd sfsdfsadfasf bsdsfsdfsadfasfsdsfsdfsadfasf sdsfsdfsadfasfsd sfsdfsadfasf bsdsfsdfsadfasfsdsfsdfsadfasf sdsfsdfsadfasfsd sfsdfsadfasf bsdsfsdfsadfasfsdsfsdfsadfasf sdsfsdfsadfasfsd sfsdfsadfasf bsdsfsdfsadfasfsdsfsdfsadfasf sdsfsdfsadfasfsd sfsdfsadfasf bsdsfsdfsadfasfsdsfsdfsadfasf sdsfsdfsadfasfsd sfsdfsadfasf bsdsfsdfsadfasfsdsfsdfsadfasf sdsfsdfsadfasfsd sfsdfsadfasf bsdsfsdfsadfasfsdsfsdfsadfasf sdsfsdfsadfasfsd sfsdfsadfasf bsdsfsdfsadfasf<img alt=\"\" src=\"/ckfinder/userfiles/files/1656321346_87dde64083152dc69cce.jpg\" style=\"height:326px; margin-bottom:200px; margin-top:200px; width:600px\" /></p>', 'storage/postpic/1660815953.jpg', 'This is test', 0, ' ', 1, NULL, '2022-08-18', NULL, '2022-08-18 09:45:53', '2022-08-18 09:45:53'),
(3, 'sdsfsdf', 'asdf asdf asfasf asdf asfasdfasd fsd', '<p>sdfsfsfs s sf</p>', 'storage/postpic/postpic.png', 'This is test', 0, ' ', 1, NULL, '2022-08-28', '2022-08-24 21:19:55', '2022-08-24 21:01:16', '2022-08-24 21:19:55'),
(4, 'sdsfsdf', 'asdf asdf asfasf asdf asfasdfasd fsd', '<p>asdf sadfas asdf&nbsp;</p>', 'storage/postpic/postpic.png', 'This is test', 0, ' ', 1, NULL, '2022-08-25', '2022-08-24 21:20:03', '2022-08-24 21:04:00', '2022-08-24 21:20:03'),
(5, 'sdsfsdf', 'asdf asdf asfasf asdf asfasdfasd fsd', '<p>asdf sadfas asdf&nbsp;</p>', 'storage/postpic/postpic.png', 'This is test', 0, ' ', 1, NULL, '2022-08-25', '2022-08-24 21:19:57', '2022-08-24 21:08:03', '2022-08-24 21:19:57'),
(6, 'sdsfsdf', 'asdf asdf asfasf asdf asfasdfasd fsd', '<p>asdf sadfas asdf&nbsp;</p>', 'storage/postpic/postpic.png', 'This is test', 0, ' ', 1, NULL, '2022-08-25', '2022-08-24 21:20:01', '2022-08-24 21:09:49', '2022-08-24 21:20:01'),
(7, 'sdfsf', 'sdfsfdsfsdf', '<p>sdfs dsf sfdsf dsf&nbsp;</p>', 'storage/postpic/postpic.png', 'This is test', 0, ' ', 1, NULL, '2022-08-25', NULL, '2022-08-24 21:13:12', '2022-08-24 21:13:12'),
(8, 'sdsfsdf', 'asdf asdf asfasf asdf asfasdfasd fsd', '<p>asdsadas asd ad</p>', 'storage/postpic/postpic.png', 'This is test', 0, ' ', 1, NULL, '2022-08-25', NULL, '2022-08-24 21:20:51', '2022-08-24 21:20:51'),
(9, 'sdsfsdfsadfasfs', 'sdfsfsf', '<p>sadfas asdfasf sadf asf asf</p>', 'storage/postpic/postpic.png', 'This is test', 0, ' ', 1, NULL, '2022-08-26', NULL, '2022-08-25 20:00:56', '2022-08-25 20:00:56'),
(10, 'sdsfsdfsadfasf', 'asdf asdf asfasf asdf asfasdfasd fsd', '<p>sdfsdf</p>', 'storage/postpic/postpic.png', 'This is test', 0, ' ', 1, NULL, '2022-08-27', NULL, '2022-08-25 20:53:22', '2022-08-25 20:53:22'),
(11, 'sdsfsdfsadfasf', 'asdf asdf asfasf asdf asfasdfasd fsd', '<p>sdfsdf</p>', 'storage/postpic/postpic.png', 'This is test', 0, ' ', 1, NULL, '2022-08-27', NULL, '2022-08-25 21:02:53', '2022-08-25 21:02:53'),
(12, 'sdsfsdfsadfasf', 'asdf asdf asfasf asdf asfasdfasd fsd', '<p>sdfsdf</p>', 'storage/postpic/postpic.png', 'This is test', 0, ' ', 1, NULL, '2022-08-27', NULL, '2022-08-25 21:03:52', '2022-08-25 21:03:52'),
(13, NULL, 'asdf asdf asfasf asdf asfasdfasd fsd', '<p>dsfg dsfg dsg&nbsp;</p>', 'storage/postpic/postpic.png', 'This is test', 0, ' ', 1, NULL, '2022-08-26', NULL, '2022-08-25 21:18:05', '2022-08-25 21:18:05'),
(14, 'sdsfsdf', 'asdf asdf asfasf asdf asfasdfasd fsd', '<p>dsfg dsfg dsg&nbsp;</p>', 'storage/postpic/postpic.png', 'This is test', 0, ' ', 1, NULL, '2022-08-26', NULL, '2022-08-25 21:56:07', '2022-08-25 21:56:07'),
(15, 'sdsfsdf', 'asdf asdf asfasf asdf asfasdfasd fsd', '<p>dsfg dsfg dsg&nbsp;</p>', 'storage/postpic/postpic.png', 'This is test', 0, ' ', 1, NULL, '2022-08-26', NULL, '2022-08-25 21:56:56', '2022-08-25 21:56:56'),
(16, 'sdsfsdf', 'asdf asdf asfasf asdf asfasdfasd fsd', '<p>dsfg dsfg dsg&nbsp;</p>', 'storage/postpic/postpic.png', 'This is test', 0, ' ', 1, NULL, '2022-08-26', NULL, '2022-08-25 21:57:37', '2022-08-25 21:57:37'),
(17, 'sdsfsdf', 'asdf asdf asfasf asdf asfasdfasd fsd', '<p>dsfg dsfg dsg&nbsp;</p>', 'storage/postpic/postpic.png', 'This is test', 0, ' ', 1, NULL, '2022-08-26', NULL, '2022-08-25 21:58:10', '2022-08-25 21:58:10'),
(18, 'sdsfsdf', 'asdf asdf asfasf asdf asfasdfasd fsd', '<p>&nbsp;asdf asfasdfasd fs&nbsp;asdf asfasdfasd fs&nbsp;asdf asfasdfasd fs&nbsp;asdf asfasdfasd fs&nbsp;asdf asfasdfasd fs&nbsp;&nbsp;asdf asfasdfasd fs&nbsp;asdf asfasdfasd fs</p>', 'storage/postpic/postpic.png', 'This is test', 0, ' ', 1, NULL, '2022-08-26', NULL, '2022-08-25 21:59:21', '2022-08-25 21:59:21'),
(19, 'adfdsf', 'sdfsdfdsf', '<p>sdfdsfdsfds</p>', 'storage/postpic/postpic.png', 'sdfsdf', 0, 'sdfsdfdsf', 1, NULL, '2022-08-26', NULL, '2022-08-26 09:51:38', '2022-08-26 09:51:38'),
(20, 'PPPP', 'PPPPP', '<p>PPPPPPPPPPPPPPPPPPPP</p>', 'storage/postpic/postpic.png', 'PPPPP', 0, 'PPPPP', 1, NULL, '2022-08-26', NULL, '2022-08-26 09:54:03', '2022-08-26 09:54:03'),
(21, 'QQQQQ', 'QQQQQ', '<p>QQQQQQQQQQ</p>', 'storage/postpic/postpic.png', 'QQQQQ', 0, 'QQQQQQQQQQQQQQQQQQQQ', 1, NULL, '2022-08-26', NULL, '2022-08-26 09:55:39', '2022-08-26 09:55:39'),
(22, 'adfdsf', 'sdfsdfdsf', '<p>asdasdas</p>', 'storage/postpic/postpic.png', 'sdfsdf', 0, 'sdfsdfdsf', 1, NULL, '2022-08-26', NULL, '2022-08-26 12:21:32', '2022-08-26 12:21:32'),
(23, 'adfdsf', 'sdfsdfdsf', '<p>sdfasfas adsf saf</p>', 'storage/postpic/postpic.png', 'sdfsdf', 0, 'sdfsdfdsf', 1, NULL, '2022-08-26', NULL, '2022-08-26 12:25:29', '2022-08-26 12:25:29'),
(24, 'asdfasdf', 'ghjfgjgfj', '<p>fghjfgjfgjgfj</p>', 'storage/postpic/postpic.png', 'fghjghj', 0, 'sdfsdfdsf', 1, NULL, '2022-08-26', NULL, '2022-08-26 12:38:10', '2022-08-26 12:38:10'),
(25, 'adasd', 'jjjjj', '<p>sfsfsfdsf</p>', 'storage/postpic/postpic.png', NULL, 0, NULL, 1, NULL, '2022-08-26', NULL, '2022-08-26 12:41:55', '2022-08-26 12:41:55'),
(26, NULL, 'sdfsdfdsf', '<p>sdsds</p>', 'storage/postpic/postpic.png', NULL, 0, 'sdfsdfdsf', 1, NULL, '2022-08-26', NULL, '2022-08-26 12:44:05', '2022-08-26 12:44:05'),
(27, NULL, 'sdfsdfdsf', '<p>gdfgdfg dfgd g</p>', 'storage/postpic/postpic.png', 'sdfsdf', 0, 'sdfsdfdsf', 1, NULL, '2022-08-26', '2022-08-28 20:34:30', '2022-08-26 12:55:56', '2022-08-28 20:34:30'),
(28, 'sdsfsdf dfdf s', 'asdf asdf asfasf asdf asfasdfasd fsd sdfdsf', '<p>sdfsdfsdf</p>', 'storage/postpic/postpic.png', NULL, 0, '  ss', 1, 1, '2022-09-07', NULL, '2022-09-06 22:11:59', '2022-09-06 22:34:55');

-- --------------------------------------------------------

--
-- Table structure for table `roles`
--

CREATE TABLE `roles` (
  `id` bigint(20) UNSIGNED NOT NULL,
  `name` varchar(191) COLLATE utf8mb4_unicode_ci NOT NULL,
  `status` int(11) NOT NULL,
  `created_at` timestamp NULL DEFAULT NULL,
  `updated_at` timestamp NULL DEFAULT NULL,
  `deleted_at` timestamp NULL DEFAULT NULL
) ENGINE=InnoDB DEFAULT CHARSET=utf8mb4 COLLATE=utf8mb4_unicode_ci;

--
-- Dumping data for table `roles`
--

INSERT INTO `roles` (`id`, `name`, `status`, `created_at`, `updated_at`, `deleted_at`) VALUES
(1, 'Super Admin', 1, '2022-08-29 18:33:28', '2022-08-29 18:33:28', NULL),
(2, 'Admin', 1, '2022-08-29 18:35:53', '2022-08-29 18:49:19', NULL),
(3, 'Sub Admin', 1, '2022-08-29 18:47:03', '2022-08-29 18:47:03', NULL),
(4, 'Normal', 1, '2022-08-29 18:47:13', '2022-08-29 18:47:13', NULL);

-- --------------------------------------------------------

--
-- Table structure for table `seos`
--

CREATE TABLE `seos` (
  `id` bigint(20) UNSIGNED NOT NULL,
  `keyword` varchar(255) COLLATE utf8mb4_unicode_ci NOT NULL,
  `title` varchar(255) COLLATE utf8mb4_unicode_ci NOT NULL,
  `description` varchar(255) COLLATE utf8mb4_unicode_ci NOT NULL,
  `refresh` varchar(255) COLLATE utf8mb4_unicode_ci DEFAULT NULL,
  `gverify` varchar(255) COLLATE utf8mb4_unicode_ci DEFAULT NULL,
  `created_at` timestamp NULL DEFAULT NULL,
  `updated_at` timestamp NULL DEFAULT NULL,
  `deleted_at` timestamp NULL DEFAULT NULL
) ENGINE=InnoDB DEFAULT CHARSET=utf8mb4 COLLATE=utf8mb4_unicode_ci;

--
-- Dumping data for table `seos`
--

INSERT INTO `seos` (`id`, `keyword`, `title`, `description`, `refresh`, `gverify`, `created_at`, `updated_at`, `deleted_at`) VALUES
(1, ' ', 'asdf sadfasdf as f', 'sdfas safasdf asf', '2', 'dsf sf sdf dsfds', '2022-06-25 09:30:20', '2022-06-25 11:15:05', NULL);

-- --------------------------------------------------------

--
-- Table structure for table `socials`
--

CREATE TABLE `socials` (
  `id` bigint(20) UNSIGNED NOT NULL,
  `link` varchar(191) COLLATE utf8mb4_unicode_ci DEFAULT NULL,
  `icone` varchar(191) COLLATE utf8mb4_unicode_ci NOT NULL,
  `status` int(11) NOT NULL,
  `created_at` timestamp NULL DEFAULT NULL,
  `updated_at` timestamp NULL DEFAULT NULL,
  `deleted_at` timestamp NULL DEFAULT NULL
) ENGINE=InnoDB DEFAULT CHARSET=utf8mb4 COLLATE=utf8mb4_unicode_ci;

--
-- Dumping data for table `socials`
--

INSERT INTO `socials` (`id`, `link`, `icone`, `status`, `created_at`, `updated_at`, `deleted_at`) VALUES
(1, 'https://www.facebook.com/', 'mdi mdi-facebook', 0, '2022-07-03 10:45:24', '2022-07-03 14:05:14', NULL),
(2, 'https://www.twitter.com/', 'mdi mdi-twitter', 1, '2022-07-03 10:49:20', '2022-07-03 12:00:43', NULL),
(4, 'https://www.snapchat.com/', 'mdi mdi-snapchat', 1, '2022-07-03 10:51:47', '2022-07-03 10:51:47', NULL),
(5, 'https://www.youtube.com/', 'mdi mdi-youtube', 1, '2022-07-03 12:13:54', '2022-07-03 12:14:00', NULL);

-- --------------------------------------------------------

--
-- Table structure for table `submenus`
--

CREATE TABLE `submenus` (
  `id` bigint(20) UNSIGNED NOT NULL,
  `mainmenu_id` bigint(20) UNSIGNED NOT NULL,
  `name` varchar(191) COLLATE utf8mb4_unicode_ci NOT NULL,
  `slug` varchar(191) COLLATE utf8mb4_unicode_ci NOT NULL,
  `serial` int(11) NOT NULL,
  `status` int(11) NOT NULL,
  `created_at` timestamp NULL DEFAULT NULL,
  `updated_at` timestamp NULL DEFAULT NULL,
  `deleted_at` timestamp NULL DEFAULT NULL
) ENGINE=InnoDB DEFAULT CHARSET=utf8mb4 COLLATE=utf8mb4_unicode_ci;

--
-- Dumping data for table `submenus`
--

INSERT INTO `submenus` (`id`, `mainmenu_id`, `name`, `slug`, `serial`, `status`, `created_at`, `updated_at`, `deleted_at`) VALUES
(5, 10, ' ', '20220719193639', 1, 1, '2022-07-19 13:36:39', '2022-07-19 13:36:39', NULL),
(6, 10, ' ', '20220719193755', 2, 1, '2022-07-19 13:37:55', '2022-07-19 13:37:55', NULL),
(7, 10, ' ', '20220719193833', 3, 1, '2022-07-19 13:38:33', '2022-07-19 13:38:33', NULL),
(8, 10, ' ', '20220719193905', 4, 1, '2022-07-19 13:39:05', '2022-07-19 13:39:05', NULL),
(9, 10, ' ', '20220719193931', 5, 1, '2022-07-19 13:39:31', '2022-07-19 13:39:31', NULL),
(10, 10, ' ', '20220719194023', 6, 1, '2022-07-19 13:40:23', '2022-07-19 13:40:23', NULL),
(11, 10, ' ', '20220719194058', 7, 1, '2022-07-19 13:40:58', '2022-07-19 13:40:58', NULL),
(12, 10, ' ', '20220719194122', 8, 1, '2022-07-19 13:41:22', '2022-07-19 13:41:22', NULL),
(13, 17, '', '20220719194355', 1, 1, '2022-07-19 13:43:55', '2022-07-19 13:43:55', NULL),
(14, 17, '  ', '20220719195035', 2, 1, '2022-07-19 13:50:35', '2022-07-19 13:50:35', NULL),
(15, 17, '', '20220719195124', 3, 1, '2022-07-19 13:51:24', '2022-07-19 13:51:24', NULL),
(16, 17, '', '20220719195254', 4, 1, '2022-07-19 13:52:54', '2022-07-19 13:52:54', NULL),
(17, 17, '', '20220719195413', 5, 1, '2022-07-19 13:54:13', '2022-07-19 13:54:13', NULL),
(18, 17, '', '20220719195509', 6, 1, '2022-07-19 13:55:09', '2022-07-19 13:55:09', NULL),
(19, 17, '', '20220719195547', 7, 1, '2022-07-19 13:55:47', '2022-07-19 13:55:47', NULL),
(20, 17, '', '20220719195623', 8, 1, '2022-07-19 13:56:23', '2022-07-19 13:56:23', NULL),
(21, 17, '-', '20220719195703', 9, 1, '2022-07-19 13:57:03', '2022-07-19 13:57:03', NULL),
(22, 17, '', '20220719195734', 10, 1, '2022-07-19 13:57:34', '2022-07-19 13:57:34', NULL),
(23, 17, '', '20220719195814', 11, 1, '2022-07-19 13:58:14', '2022-07-19 13:58:14', NULL);

-- --------------------------------------------------------

--
-- Table structure for table `timezones`
--

CREATE TABLE `timezones` (
  `id` int(11) NOT NULL,
  `country_code` char(3) COLLATE utf8mb4_unicode_ci NOT NULL,
  `timezones` varchar(125) COLLATE utf8mb4_unicode_ci NOT NULL DEFAULT '',
  `gmt_offset` float(10,2) DEFAULT NULL,
  `dst_offset` float(10,2) DEFAULT NULL,
  `raw_offset` float(10,2) DEFAULT NULL
) ENGINE=InnoDB DEFAULT CHARSET=utf8mb4 COLLATE=utf8mb4_unicode_ci;

--
-- Dumping data for table `timezones`
--

INSERT INTO `timezones` (`id`, `country_code`, `timezones`, `gmt_offset`, `dst_offset`, `raw_offset`) VALUES
(1, 'AD', 'Europe/Andorra', 1.00, 2.00, 1.00),
(2, 'AE', 'Asia/Dubai', 4.00, 4.00, 4.00),
(3, 'AF', 'Asia/Kabul', 4.50, 4.50, 4.50),
(4, 'AG', 'America/Antigua', -4.00, -4.00, -4.00),
(5, 'AI', 'America/Anguilla', -4.00, -4.00, -4.00),
(6, 'AL', 'Europe/Tirane', 1.00, 2.00, 1.00),
(7, 'AM', 'Asia/Yerevan', 4.00, 4.00, 4.00),
(8, 'AO', 'Africa/Luanda', 1.00, 1.00, 1.00),
(9, 'AQ', 'Antarctica/Casey', 8.00, 8.00, 8.00),
(10, 'AQ', 'Antarctica/Davis', 7.00, 7.00, 7.00),
(11, 'AQ', 'Antarctica/DumontDUrville', 10.00, 10.00, 10.00),
(12, 'AQ', 'Antarctica/Mawson', 5.00, 5.00, 5.00),
(13, 'AQ', 'Antarctica/McMurdo', 13.00, 12.00, 12.00),
(14, 'AQ', 'Antarctica/Palmer', -3.00, -4.00, -4.00),
(15, 'AQ', 'Antarctica/Rothera', -3.00, -3.00, -3.00),
(16, 'AQ', 'Antarctica/South_Pole', 13.00, 12.00, 12.00),
(17, 'AQ', 'Antarctica/Syowa', 3.00, 3.00, 3.00),
(18, 'AQ', 'Antarctica/Vostok', 6.00, 6.00, 6.00),
(19, 'AR', 'America/Argentina/Buenos_Aires', -3.00, -3.00, -3.00),
(20, 'AR', 'America/Argentina/Catamarca', -3.00, -3.00, -3.00),
(21, 'AR', 'America/Argentina/Cordoba', -3.00, -3.00, -3.00),
(22, 'AR', 'America/Argentina/Jujuy', -3.00, -3.00, -3.00),
(23, 'AR', 'America/Argentina/La_Rioja', -3.00, -3.00, -3.00),
(24, 'AR', 'America/Argentina/Mendoza', -3.00, -3.00, -3.00),
(25, 'AR', 'America/Argentina/Rio_Gallegos', -3.00, -3.00, -3.00),
(26, 'AR', 'America/Argentina/Salta', -3.00, -3.00, -3.00),
(27, 'AR', 'America/Argentina/San_Juan', -3.00, -3.00, -3.00),
(28, 'AR', 'America/Argentina/San_Luis', -3.00, -3.00, -3.00),
(29, 'AR', 'America/Argentina/Tucuman', -3.00, -3.00, -3.00),
(30, 'AR', 'America/Argentina/Ushuaia', -3.00, -3.00, -3.00),
(31, 'AS', 'Pacific/Pago_Pago', -11.00, -11.00, -11.00),
(32, 'AT', 'Europe/Vienna', 1.00, 2.00, 1.00),
(33, 'AU', 'Antarctica/Macquarie', 11.00, 11.00, 11.00),
(34, 'AU', 'Australia/Adelaide', 10.50, 9.50, 9.50),
(35, 'AU', 'Australia/Brisbane', 10.00, 10.00, 10.00),
(36, 'AU', 'Australia/Broken_Hill', 10.50, 9.50, 9.50),
(37, 'AU', 'Australia/Currie', 11.00, 10.00, 10.00),
(38, 'AU', 'Australia/Darwin', 9.50, 9.50, 9.50),
(39, 'AU', 'Australia/Eucla', 8.75, 8.75, 8.75),
(40, 'AU', 'Australia/Hobart', 11.00, 10.00, 10.00),
(41, 'AU', 'Australia/Lindeman', 10.00, 10.00, 10.00),
(42, 'AU', 'Australia/Lord_Howe', 11.00, 10.50, 10.50),
(43, 'AU', 'Australia/Melbourne', 11.00, 10.00, 10.00),
(44, 'AU', 'Australia/Perth', 8.00, 8.00, 8.00),
(45, 'AU', 'Australia/Sydney', 11.00, 10.00, 10.00),
(46, 'AW', 'America/Aruba', -4.00, -4.00, -4.00),
(47, 'AX', 'Europe/Mariehamn', 2.00, 3.00, 2.00),
(48, 'AZ', 'Asia/Baku', 4.00, 5.00, 4.00),
(49, 'BA', 'Europe/Sarajevo', 1.00, 2.00, 1.00),
(50, 'BB', 'America/Barbados', -4.00, -4.00, -4.00),
(51, 'BD', 'Asia/Dhaka', 6.00, 6.00, 6.00),
(52, 'BE', 'Europe/Brussels', 1.00, 2.00, 1.00),
(53, 'BF', 'Africa/Ouagadougou', 0.00, 0.00, 0.00),
(54, 'BG', 'Europe/Sofia', 2.00, 3.00, 2.00),
(55, 'BH', 'Asia/Bahrain', 3.00, 3.00, 3.00),
(56, 'BI', 'Africa/Bujumbura', 2.00, 2.00, 2.00),
(57, 'BJ', 'Africa/Porto-Novo', 1.00, 1.00, 1.00),
(58, 'BL', 'America/St_Barthelemy', -4.00, -4.00, -4.00),
(59, 'BM', 'Atlantic/Bermuda', -4.00, -3.00, -4.00),
(60, 'BN', 'Asia/Brunei', 8.00, 8.00, 8.00),
(61, 'BO', 'America/La_Paz', -4.00, -4.00, -4.00),
(62, 'BQ', 'America/Kralendijk', -4.00, -4.00, -4.00),
(63, 'BR', 'America/Araguaina', -3.00, -3.00, -3.00),
(64, 'BR', 'America/Bahia', -3.00, -3.00, -3.00),
(65, 'BR', 'America/Belem', -3.00, -3.00, -3.00),
(66, 'BR', 'America/Boa_Vista', -4.00, -4.00, -4.00),
(67, 'BR', 'America/Campo_Grande', -3.00, -4.00, -4.00),
(68, 'BR', 'America/Cuiaba', -3.00, -4.00, -4.00),
(69, 'BR', 'America/Eirunepe', -5.00, -5.00, -5.00),
(70, 'BR', 'America/Fortaleza', -3.00, -3.00, -3.00),
(71, 'BR', 'America/Maceio', -3.00, -3.00, -3.00),
(72, 'BR', 'America/Manaus', -4.00, -4.00, -4.00),
(73, 'BR', 'America/Noronha', -2.00, -2.00, -2.00),
(74, 'BR', 'America/Porto_Velho', -4.00, -4.00, -4.00),
(75, 'BR', 'America/Recife', -3.00, -3.00, -3.00),
(76, 'BR', 'America/Rio_Branco', -5.00, -5.00, -5.00),
(77, 'BR', 'America/Santarem', -3.00, -3.00, -3.00),
(78, 'BR', 'America/Sao_Paulo', -2.00, -3.00, -3.00),
(79, 'BS', 'America/Nassau', -5.00, -4.00, -5.00),
(80, 'BT', 'Asia/Thimphu', 6.00, 6.00, 6.00),
(81, 'BW', 'Africa/Gaborone', 2.00, 2.00, 2.00),
(82, 'BY', 'Europe/Minsk', 3.00, 3.00, 3.00),
(83, 'BZ', 'America/Belize', -6.00, -6.00, -6.00),
(84, 'CA', 'America/Atikokan', -5.00, -5.00, -5.00),
(85, 'CA', 'America/Blanc-Sablon', -4.00, -4.00, -4.00),
(86, 'CA', 'America/Cambridge_Bay', -7.00, -6.00, -7.00),
(87, 'CA', 'America/Creston', -7.00, -7.00, -7.00),
(88, 'CA', 'America/Dawson', -8.00, -7.00, -8.00),
(89, 'CA', 'America/Dawson_Creek', -7.00, -7.00, -7.00),
(90, 'CA', 'America/Edmonton', -7.00, -6.00, -7.00),
(91, 'CA', 'America/Glace_Bay', -4.00, -3.00, -4.00),
(92, 'CA', 'America/Goose_Bay', -4.00, -3.00, -4.00),
(93, 'CA', 'America/Halifax', -4.00, -3.00, -4.00),
(94, 'CA', 'America/Inuvik', -7.00, -6.00, -7.00),
(95, 'CA', 'America/Iqaluit', -5.00, -4.00, -5.00),
(96, 'CA', 'America/Moncton', -4.00, -3.00, -4.00),
(97, 'CA', 'America/Montreal', -5.00, -4.00, -5.00),
(98, 'CA', 'America/Nipigon', -5.00, -4.00, -5.00),
(99, 'CA', 'America/Pangnirtung', -5.00, -4.00, -5.00),
(100, 'CA', 'America/Rainy_River', -6.00, -5.00, -6.00),
(101, 'CA', 'America/Rankin_Inlet', -6.00, -5.00, -6.00),
(102, 'CA', 'America/Regina', -6.00, -6.00, -6.00),
(103, 'CA', 'America/Resolute', -6.00, -5.00, -6.00),
(104, 'CA', 'America/St_Johns', -3.50, -2.50, -3.50),
(105, 'CA', 'America/Swift_Current', -6.00, -6.00, -6.00),
(106, 'CA', 'America/Thunder_Bay', -5.00, -4.00, -5.00),
(107, 'CA', 'America/Toronto', -5.00, -4.00, -5.00),
(108, 'CA', 'America/Vancouver', -8.00, -7.00, -8.00),
(109, 'CA', 'America/Whitehorse', -8.00, -7.00, -8.00),
(110, 'CA', 'America/Winnipeg', -6.00, -5.00, -6.00),
(111, 'CA', 'America/Yellowknife', -7.00, -6.00, -7.00),
(112, 'CC', 'Indian/Cocos', 6.50, 6.50, 6.50),
(113, 'CD', 'Africa/Kinshasa', 1.00, 1.00, 1.00),
(114, 'CD', 'Africa/Lubumbashi', 2.00, 2.00, 2.00),
(115, 'CF', 'Africa/Bangui', 1.00, 1.00, 1.00),
(116, 'CG', 'Africa/Brazzaville', 1.00, 1.00, 1.00),
(117, 'CH', 'Europe/Zurich', 1.00, 2.00, 1.00),
(118, 'CI', 'Africa/Abidjan', 0.00, 0.00, 0.00),
(119, 'CK', 'Pacific/Rarotonga', -10.00, -10.00, -10.00),
(120, 'CL', 'America/Santiago', -3.00, -4.00, -4.00),
(121, 'CL', 'Pacific/Easter', -5.00, -6.00, -6.00),
(122, 'CM', 'Africa/Douala', 1.00, 1.00, 1.00),
(123, 'CN', 'Asia/Chongqing', 8.00, 8.00, 8.00),
(124, 'CN', 'Asia/Harbin', 8.00, 8.00, 8.00),
(125, 'CN', 'Asia/Kashgar', 8.00, 8.00, 8.00),
(126, 'CN', 'Asia/Shanghai', 8.00, 8.00, 8.00),
(127, 'CN', 'Asia/Urumqi', 8.00, 8.00, 8.00),
(128, 'CO', 'America/Bogota', -5.00, -5.00, -5.00),
(129, 'CR', 'America/Costa_Rica', -6.00, -6.00, -6.00),
(130, 'CU', 'America/Havana', -5.00, -4.00, -5.00),
(131, 'CV', 'Atlantic/Cape_Verde', -1.00, -1.00, -1.00),
(132, 'CW', 'America/Curacao', -4.00, -4.00, -4.00),
(133, 'CX', 'Indian/Christmas', 7.00, 7.00, 7.00),
(134, 'CY', 'Asia/Nicosia', 2.00, 3.00, 2.00),
(135, 'CZ', 'Europe/Prague', 1.00, 2.00, 1.00),
(136, 'DE', 'Europe/Berlin', 1.00, 2.00, 1.00),
(137, 'DE', 'Europe/Busingen', 1.00, 2.00, 1.00),
(138, 'DJ', 'Africa/Djibouti', 3.00, 3.00, 3.00),
(139, 'DK', 'Europe/Copenhagen', 1.00, 2.00, 1.00),
(140, 'DM', 'America/Dominica', -4.00, -4.00, -4.00),
(141, 'DO', 'America/Santo_Domingo', -4.00, -4.00, -4.00),
(142, 'DZ', 'Africa/Algiers', 1.00, 1.00, 1.00),
(143, 'EC', 'America/Guayaquil', -5.00, -5.00, -5.00),
(144, 'EC', 'Pacific/Galapagos', -6.00, -6.00, -6.00),
(145, 'EE', 'Europe/Tallinn', 2.00, 3.00, 2.00),
(146, 'EG', 'Africa/Cairo', 2.00, 2.00, 2.00),
(147, 'EH', 'Africa/El_Aaiun', 0.00, 0.00, 0.00),
(148, 'ER', 'Africa/Asmara', 3.00, 3.00, 3.00),
(149, 'ES', 'Africa/Ceuta', 1.00, 2.00, 1.00),
(150, 'ES', 'Atlantic/Canary', 0.00, 1.00, 0.00),
(151, 'ES', 'Europe/Madrid', 1.00, 2.00, 1.00),
(152, 'ET', 'Africa/Addis_Ababa', 3.00, 3.00, 3.00),
(153, 'FI', 'Europe/Helsinki', 2.00, 3.00, 2.00),
(154, 'FJ', 'Pacific/Fiji', 13.00, 12.00, 12.00),
(155, 'FK', 'Atlantic/Stanley', -3.00, -3.00, -3.00),
(156, 'FM', 'Pacific/Chuuk', 10.00, 10.00, 10.00),
(157, 'FM', 'Pacific/Kosrae', 11.00, 11.00, 11.00),
(158, 'FM', 'Pacific/Pohnpei', 11.00, 11.00, 11.00),
(159, 'FO', 'Atlantic/Faroe', 0.00, 1.00, 0.00),
(160, 'FR', 'Europe/Paris', 1.00, 2.00, 1.00),
(161, 'GA', 'Africa/Libreville', 1.00, 1.00, 1.00),
(162, 'GB', 'Europe/London', 0.00, 1.00, 0.00),
(163, 'GD', 'America/Grenada', -4.00, -4.00, -4.00),
(164, 'GE', 'Asia/Tbilisi', 4.00, 4.00, 4.00),
(165, 'GF', 'America/Cayenne', -3.00, -3.00, -3.00),
(166, 'GG', 'Europe/Guernsey', 0.00, 1.00, 0.00),
(167, 'GH', 'Africa/Accra', 0.00, 0.00, 0.00),
(168, 'GI', 'Europe/Gibraltar', 1.00, 2.00, 1.00),
(169, 'GL', 'America/Danmarkshavn', 0.00, 0.00, 0.00),
(170, 'GL', 'America/Godthab', -3.00, -2.00, -3.00),
(171, 'GL', 'America/Scoresbysund', -1.00, 0.00, -1.00),
(172, 'GL', 'America/Thule', -4.00, -3.00, -4.00),
(173, 'GM', 'Africa/Banjul', 0.00, 0.00, 0.00),
(174, 'GN', 'Africa/Conakry', 0.00, 0.00, 0.00),
(175, 'GP', 'America/Guadeloupe', -4.00, -4.00, -4.00),
(176, 'GQ', 'Africa/Malabo', 1.00, 1.00, 1.00),
(177, 'GR', 'Europe/Athens', 2.00, 3.00, 2.00),
(178, 'GS', 'Atlantic/South_Georgia', -2.00, -2.00, -2.00),
(179, 'GT', 'America/Guatemala', -6.00, -6.00, -6.00),
(180, 'GU', 'Pacific/Guam', 10.00, 10.00, 10.00),
(181, 'GW', 'Africa/Bissau', 0.00, 0.00, 0.00),
(182, 'GY', 'America/Guyana', -4.00, -4.00, -4.00),
(183, 'HK', 'Asia/Hong_Kong', 8.00, 8.00, 8.00),
(184, 'HN', 'America/Tegucigalpa', -6.00, -6.00, -6.00),
(185, 'HR', 'Europe/Zagreb', 1.00, 2.00, 1.00),
(186, 'HT', 'America/Port-au-Prince', -5.00, -4.00, -5.00),
(187, 'HU', 'Europe/Budapest', 1.00, 2.00, 1.00),
(188, 'ID', 'Asia/Jakarta', 7.00, 7.00, 7.00),
(189, 'ID', 'Asia/Jayapura', 9.00, 9.00, 9.00),
(190, 'ID', 'Asia/Makassar', 8.00, 8.00, 8.00),
(191, 'ID', 'Asia/Pontianak', 7.00, 7.00, 7.00),
(192, 'IE', 'Europe/Dublin', 0.00, 1.00, 0.00),
(193, 'IL', 'Asia/Jerusalem', 2.00, 3.00, 2.00),
(194, 'IM', 'Europe/Isle_of_Man', 0.00, 1.00, 0.00),
(195, 'IN', 'Asia/Kolkata', 5.50, 5.50, 5.50),
(196, 'IO', 'Indian/Chagos', 6.00, 6.00, 6.00),
(197, 'IQ', 'Asia/Baghdad', 3.00, 3.00, 3.00),
(198, 'IR', 'Asia/Tehran', 3.50, 4.50, 3.50),
(199, 'IS', 'Atlantic/Reykjavik', 0.00, 0.00, 0.00),
(200, 'IT', 'Europe/Rome', 1.00, 2.00, 1.00),
(201, 'JE', 'Europe/Jersey', 0.00, 1.00, 0.00),
(202, 'JM', 'America/Jamaica', -5.00, -5.00, -5.00),
(203, 'JO', 'Asia/Amman', 2.00, 3.00, 2.00),
(204, 'JP', 'Asia/Tokyo', 9.00, 9.00, 9.00),
(205, 'KE', 'Africa/Nairobi', 3.00, 3.00, 3.00),
(206, 'KG', 'Asia/Bishkek', 6.00, 6.00, 6.00),
(207, 'KH', 'Asia/Phnom_Penh', 7.00, 7.00, 7.00),
(208, 'KI', 'Pacific/Enderbury', 13.00, 13.00, 13.00),
(209, 'KI', 'Pacific/Kiritimati', 14.00, 14.00, 14.00),
(210, 'KI', 'Pacific/Tarawa', 12.00, 12.00, 12.00),
(211, 'KM', 'Indian/Comoro', 3.00, 3.00, 3.00),
(212, 'KN', 'America/St_Kitts', -4.00, -4.00, -4.00),
(213, 'KP', 'Asia/Pyongyang', 9.00, 9.00, 9.00),
(214, 'KR', 'Asia/Seoul', 9.00, 9.00, 9.00),
(215, 'KW', 'Asia/Kuwait', 3.00, 3.00, 3.00),
(216, 'KY', 'America/Cayman', -5.00, -5.00, -5.00),
(217, 'KZ', 'Asia/Almaty', 6.00, 6.00, 6.00),
(218, 'KZ', 'Asia/Aqtau', 5.00, 5.00, 5.00),
(219, 'KZ', 'Asia/Aqtobe', 5.00, 5.00, 5.00),
(220, 'KZ', 'Asia/Oral', 5.00, 5.00, 5.00),
(221, 'KZ', 'Asia/Qyzylorda', 6.00, 6.00, 6.00),
(222, 'LA', 'Asia/Vientiane', 7.00, 7.00, 7.00),
(223, 'LB', 'Asia/Beirut', 2.00, 3.00, 2.00),
(224, 'LC', 'America/St_Lucia', -4.00, -4.00, -4.00),
(225, 'LI', 'Europe/Vaduz', 1.00, 2.00, 1.00),
(226, 'LK', 'Asia/Colombo', 5.50, 5.50, 5.50),
(227, 'LR', 'Africa/Monrovia', 0.00, 0.00, 0.00),
(228, 'LS', 'Africa/Maseru', 2.00, 2.00, 2.00),
(229, 'LT', 'Europe/Vilnius', 2.00, 3.00, 2.00),
(230, 'LU', 'Europe/Luxembourg', 1.00, 2.00, 1.00),
(231, 'LV', 'Europe/Riga', 2.00, 3.00, 2.00),
(232, 'LY', 'Africa/Tripoli', 2.00, 2.00, 2.00),
(233, 'MA', 'Africa/Casablanca', 0.00, 0.00, 0.00),
(234, 'MC', 'Europe/Monaco', 1.00, 2.00, 1.00),
(235, 'MD', 'Europe/Chisinau', 2.00, 3.00, 2.00),
(236, 'ME', 'Europe/Podgorica', 1.00, 2.00, 1.00),
(237, 'MF', 'America/Marigot', -4.00, -4.00, -4.00),
(238, 'MG', 'Indian/Antananarivo', 3.00, 3.00, 3.00),
(239, 'MH', 'Pacific/Kwajalein', 12.00, 12.00, 12.00),
(240, 'MH', 'Pacific/Majuro', 12.00, 12.00, 12.00),
(241, 'MK', 'Europe/Skopje', 1.00, 2.00, 1.00),
(242, 'ML', 'Africa/Bamako', 0.00, 0.00, 0.00),
(243, 'MM', 'Asia/Rangoon', 6.50, 6.50, 6.50),
(244, 'MN', 'Asia/Choibalsan', 8.00, 8.00, 8.00),
(245, 'MN', 'Asia/Hovd', 7.00, 7.00, 7.00),
(246, 'MN', 'Asia/Ulaanbaatar', 8.00, 8.00, 8.00),
(247, 'MO', 'Asia/Macau', 8.00, 8.00, 8.00),
(248, 'MP', 'Pacific/Saipan', 10.00, 10.00, 10.00),
(249, 'MQ', 'America/Martinique', -4.00, -4.00, -4.00),
(250, 'MR', 'Africa/Nouakchott', 0.00, 0.00, 0.00),
(251, 'MS', 'America/Montserrat', -4.00, -4.00, -4.00),
(252, 'MT', 'Europe/Malta', 1.00, 2.00, 1.00),
(253, 'MU', 'Indian/Mauritius', 4.00, 4.00, 4.00),
(254, 'MV', 'Indian/Maldives', 5.00, 5.00, 5.00),
(255, 'MW', 'Africa/Blantyre', 2.00, 2.00, 2.00),
(256, 'MX', 'America/Bahia_Banderas', -6.00, -5.00, -6.00),
(257, 'MX', 'America/Cancun', -6.00, -5.00, -6.00),
(258, 'MX', 'America/Chihuahua', -7.00, -6.00, -7.00),
(259, 'MX', 'America/Hermosillo', -7.00, -7.00, -7.00),
(260, 'MX', 'America/Matamoros', -6.00, -5.00, -6.00),
(261, 'MX', 'America/Mazatlan', -7.00, -6.00, -7.00),
(262, 'MX', 'America/Merida', -6.00, -5.00, -6.00),
(263, 'MX', 'America/Mexico_City', -6.00, -5.00, -6.00),
(264, 'MX', 'America/Monterrey', -6.00, -5.00, -6.00),
(265, 'MX', 'America/Ojinaga', -7.00, -6.00, -7.00),
(266, 'MX', 'America/Santa_Isabel', -8.00, -7.00, -8.00),
(267, 'MX', 'America/Tijuana', -8.00, -7.00, -8.00),
(268, 'MY', 'Asia/Kuala_Lumpur', 8.00, 8.00, 8.00),
(269, 'MY', 'Asia/Kuching', 8.00, 8.00, 8.00),
(270, 'MZ', 'Africa/Maputo', 2.00, 2.00, 2.00),
(271, 'NA', 'Africa/Windhoek', 2.00, 1.00, 1.00),
(272, 'NC', 'Pacific/Noumea', 11.00, 11.00, 11.00),
(273, 'NE', 'Africa/Niamey', 1.00, 1.00, 1.00),
(274, 'NF', 'Pacific/Norfolk', 11.50, 11.50, 11.50),
(275, 'NG', 'Africa/Lagos', 1.00, 1.00, 1.00),
(276, 'NI', 'America/Managua', -6.00, -6.00, -6.00),
(277, 'NL', 'Europe/Amsterdam', 1.00, 2.00, 1.00),
(278, 'NO', 'Europe/Oslo', 1.00, 2.00, 1.00),
(279, 'NP', 'Asia/Kathmandu', 5.75, 5.75, 5.75),
(280, 'NR', 'Pacific/Nauru', 12.00, 12.00, 12.00),
(281, 'NU', 'Pacific/Niue', -11.00, -11.00, -11.00),
(282, 'NZ', 'Pacific/Auckland', 13.00, 12.00, 12.00),
(283, 'NZ', 'Pacific/Chatham', 13.75, 12.75, 12.75),
(284, 'OM', 'Asia/Muscat', 4.00, 4.00, 4.00),
(285, 'PA', 'America/Panama', -5.00, -5.00, -5.00),
(286, 'PE', 'America/Lima', -5.00, -5.00, -5.00),
(287, 'PF', 'Pacific/Gambier', -9.00, -9.00, -9.00),
(288, 'PF', 'Pacific/Marquesas', -9.50, -9.50, -9.50),
(289, 'PF', 'Pacific/Tahiti', -10.00, -10.00, -10.00),
(290, 'PG', 'Pacific/Port_Moresby', 10.00, 10.00, 10.00),
(291, 'PH', 'Asia/Manila', 8.00, 8.00, 8.00),
(292, 'PK', 'Asia/Karachi', 5.00, 5.00, 5.00),
(293, 'PL', 'Europe/Warsaw', 1.00, 2.00, 1.00),
(294, 'PM', 'America/Miquelon', -3.00, -2.00, -3.00),
(295, 'PN', 'Pacific/Pitcairn', -8.00, -8.00, -8.00),
(296, 'PR', 'America/Puerto_Rico', -4.00, -4.00, -4.00),
(297, 'PS', 'Asia/Gaza', 2.00, 3.00, 2.00),
(298, 'PS', 'Asia/Hebron', 2.00, 3.00, 2.00),
(299, 'PT', 'Atlantic/Azores', -1.00, 0.00, -1.00),
(300, 'PT', 'Atlantic/Madeira', 0.00, 1.00, 0.00),
(301, 'PT', 'Europe/Lisbon', 0.00, 1.00, 0.00),
(302, 'PW', 'Pacific/Palau', 9.00, 9.00, 9.00),
(303, 'PY', 'America/Asuncion', -3.00, -4.00, -4.00),
(304, 'QA', 'Asia/Qatar', 3.00, 3.00, 3.00),
(305, 'RE', 'Indian/Reunion', 4.00, 4.00, 4.00),
(306, 'RO', 'Europe/Bucharest', 2.00, 3.00, 2.00),
(307, 'RS', 'Europe/Belgrade', 1.00, 2.00, 1.00),
(308, 'RU', 'Asia/Anadyr', 12.00, 12.00, 12.00),
(309, 'RU', 'Asia/Irkutsk', 9.00, 9.00, 9.00),
(310, 'RU', 'Asia/Kamchatka', 12.00, 12.00, 12.00),
(311, 'RU', 'Asia/Khandyga', 10.00, 10.00, 10.00),
(312, 'RU', 'Asia/Krasnoyarsk', 8.00, 8.00, 8.00),
(313, 'RU', 'Asia/Magadan', 12.00, 12.00, 12.00),
(314, 'RU', 'Asia/Novokuznetsk', 7.00, 7.00, 7.00),
(315, 'RU', 'Asia/Novosibirsk', 7.00, 7.00, 7.00),
(316, 'RU', 'Asia/Omsk', 7.00, 7.00, 7.00),
(317, 'RU', 'Asia/Sakhalin', 11.00, 11.00, 11.00),
(318, 'RU', 'Asia/Ust-Nera', 11.00, 11.00, 11.00),
(319, 'RU', 'Asia/Vladivostok', 11.00, 11.00, 11.00),
(320, 'RU', 'Asia/Yakutsk', 10.00, 10.00, 10.00),
(321, 'RU', 'Asia/Yekaterinburg', 6.00, 6.00, 6.00),
(322, 'RU', 'Europe/Kaliningrad', 3.00, 3.00, 3.00),
(323, 'RU', 'Europe/Moscow', 4.00, 4.00, 4.00),
(324, 'RU', 'Europe/Samara', 4.00, 4.00, 4.00),
(325, 'RU', 'Europe/Volgograd', 4.00, 4.00, 4.00),
(326, 'RW', 'Africa/Kigali', 2.00, 2.00, 2.00),
(327, 'SA', 'Asia/Riyadh', 3.00, 3.00, 3.00),
(328, 'SB', 'Pacific/Guadalcanal', 11.00, 11.00, 11.00),
(329, 'SC', 'Indian/Mahe', 4.00, 4.00, 4.00),
(330, 'SD', 'Africa/Khartoum', 3.00, 3.00, 3.00),
(331, 'SE', 'Europe/Stockholm', 1.00, 2.00, 1.00),
(332, 'SG', 'Asia/Singapore', 8.00, 8.00, 8.00),
(333, 'SH', 'Atlantic/St_Helena', 0.00, 0.00, 0.00),
(334, 'SI', 'Europe/Ljubljana', 1.00, 2.00, 1.00),
(335, 'SJ', 'Arctic/Longyearbyen', 1.00, 2.00, 1.00),
(336, 'SK', 'Europe/Bratislava', 1.00, 2.00, 1.00),
(337, 'SL', 'Africa/Freetown', 0.00, 0.00, 0.00),
(338, 'SM', 'Europe/San_Marino', 1.00, 2.00, 1.00),
(339, 'SN', 'Africa/Dakar', 0.00, 0.00, 0.00),
(340, 'SO', 'Africa/Mogadishu', 3.00, 3.00, 3.00),
(341, 'SR', 'America/Paramaribo', -3.00, -3.00, -3.00),
(342, 'SS', 'Africa/Juba', 3.00, 3.00, 3.00),
(343, 'ST', 'Africa/Sao_Tome', 0.00, 0.00, 0.00),
(344, 'SV', 'America/El_Salvador', -6.00, -6.00, -6.00),
(345, 'SX', 'America/Lower_Princes', -4.00, -4.00, -4.00),
(346, 'SY', 'Asia/Damascus', 2.00, 3.00, 2.00),
(347, 'SZ', 'Africa/Mbabane', 2.00, 2.00, 2.00),
(348, 'TC', 'America/Grand_Turk', -5.00, -4.00, -5.00),
(349, 'TD', 'Africa/Ndjamena', 1.00, 1.00, 1.00),
(350, 'TF', 'Indian/Kerguelen', 5.00, 5.00, 5.00),
(351, 'TG', 'Africa/Lome', 0.00, 0.00, 0.00),
(352, 'TH', 'Asia/Bangkok', 7.00, 7.00, 7.00),
(353, 'TJ', 'Asia/Dushanbe', 5.00, 5.00, 5.00),
(354, 'TK', 'Pacific/Fakaofo', 13.00, 13.00, 13.00),
(355, 'TL', 'Asia/Dili', 9.00, 9.00, 9.00),
(356, 'TM', 'Asia/Ashgabat', 5.00, 5.00, 5.00),
(357, 'TN', 'Africa/Tunis', 1.00, 1.00, 1.00),
(358, 'TO', 'Pacific/Tongatapu', 13.00, 13.00, 13.00),
(359, 'TR', 'Europe/Istanbul', 2.00, 3.00, 2.00),
(360, 'TT', 'America/Port_of_Spain', -4.00, -4.00, -4.00),
(361, 'TV', 'Pacific/Funafuti', 12.00, 12.00, 12.00),
(362, 'TW', 'Asia/Taipei', 8.00, 8.00, 8.00),
(363, 'TZ', 'Africa/Dar_es_Salaam', 3.00, 3.00, 3.00),
(364, 'UA', 'Europe/Kiev', 2.00, 3.00, 2.00),
(365, 'UA', 'Europe/Simferopol', 2.00, 4.00, 4.00),
(366, 'UA', 'Europe/Uzhgorod', 2.00, 3.00, 2.00),
(367, 'UA', 'Europe/Zaporozhye', 2.00, 3.00, 2.00),
(368, 'UG', 'Africa/Kampala', 3.00, 3.00, 3.00),
(369, 'UM', 'Pacific/Johnston', -10.00, -10.00, -10.00),
(370, 'UM', 'Pacific/Midway', -11.00, -11.00, -11.00),
(371, 'UM', 'Pacific/Wake', 12.00, 12.00, 12.00),
(372, 'US', 'America/Adak', -10.00, -9.00, -10.00),
(373, 'US', 'America/Anchorage', -9.00, -8.00, -9.00),
(374, 'US', 'America/Boise', -7.00, -6.00, -7.00),
(375, 'US', 'America/Chicago', -6.00, -5.00, -6.00),
(376, 'US', 'America/Denver', -7.00, -6.00, -7.00),
(377, 'US', 'America/Detroit', -5.00, -4.00, -5.00),
(378, 'US', 'America/Indiana/Indianapolis', -5.00, -4.00, -5.00),
(379, 'US', 'America/Indiana/Knox', -6.00, -5.00, -6.00),
(380, 'US', 'America/Indiana/Marengo', -5.00, -4.00, -5.00),
(381, 'US', 'America/Indiana/Petersburg', -5.00, -4.00, -5.00),
(382, 'US', 'America/Indiana/Tell_City', -6.00, -5.00, -6.00),
(383, 'US', 'America/Indiana/Vevay', -5.00, -4.00, -5.00),
(384, 'US', 'America/Indiana/Vincennes', -5.00, -4.00, -5.00),
(385, 'US', 'America/Indiana/Winamac', -5.00, -4.00, -5.00),
(386, 'US', 'America/Juneau', -9.00, -8.00, -9.00),
(387, 'US', 'America/Kentucky/Louisville', -5.00, -4.00, -5.00),
(388, 'US', 'America/Kentucky/Monticello', -5.00, -4.00, -5.00),
(389, 'US', 'America/Los_Angeles', -8.00, -7.00, -8.00),
(390, 'US', 'America/Menominee', -6.00, -5.00, -6.00),
(391, 'US', 'America/Metlakatla', -8.00, -8.00, -8.00),
(392, 'US', 'America/New_York', -5.00, -4.00, -5.00),
(393, 'US', 'America/Nome', -9.00, -8.00, -9.00),
(394, 'US', 'America/North_Dakota/Beulah', -6.00, -5.00, -6.00),
(395, 'US', 'America/North_Dakota/Center', -6.00, -5.00, -6.00),
(396, 'US', 'America/North_Dakota/New_Salem', -6.00, -5.00, -6.00),
(397, 'US', 'America/Phoenix', -7.00, -7.00, -7.00),
(398, 'US', 'America/Shiprock', -7.00, -6.00, -7.00),
(399, 'US', 'America/Sitka', -9.00, -8.00, -9.00),
(400, 'US', 'America/Yakutat', -9.00, -8.00, -9.00),
(401, 'US', 'Pacific/Honolulu', -10.00, -10.00, -10.00),
(402, 'UY', 'America/Montevideo', -2.00, -3.00, -3.00),
(403, 'UZ', 'Asia/Samarkand', 5.00, 5.00, 5.00),
(404, 'UZ', 'Asia/Tashkent', 5.00, 5.00, 5.00),
(405, 'VA', 'Europe/Vatican', 1.00, 2.00, 1.00),
(406, 'VC', 'America/St_Vincent', -4.00, -4.00, -4.00),
(407, 'VE', 'America/Caracas', -4.50, -4.50, -4.50),
(408, 'VG', 'America/Tortola', -4.00, -4.00, -4.00),
(409, 'VI', 'America/St_Thomas', -4.00, -4.00, -4.00),
(410, 'VN', 'Asia/Ho_Chi_Minh', 7.00, 7.00, 7.00),
(411, 'VU', 'Pacific/Efate', 11.00, 11.00, 11.00),
(412, 'WF', 'Pacific/Wallis', 12.00, 12.00, 12.00),
(413, 'WS', 'Pacific/Apia', 14.00, 13.00, 13.00),
(414, 'YE', 'Asia/Aden', 3.00, 3.00, 3.00),
(415, 'YT', 'Indian/Mayotte', 3.00, 3.00, 3.00),
(416, 'ZA', 'Africa/Johannesburg', 2.00, 2.00, 2.00),
(417, 'ZM', 'Africa/Lusaka', 2.00, 2.00, 2.00),
(418, 'ZW', 'Africa/Harare', 2.00, 2.00, 2.00);

-- --------------------------------------------------------

--
-- Table structure for table `udetails`
--

CREATE TABLE `udetails` (
  `id` bigint(20) UNSIGNED NOT NULL,
  `user_id` bigint(20) UNSIGNED NOT NULL,
  `name` varchar(191) COLLATE utf8mb4_unicode_ci NOT NULL,
  `gender` varchar(191) COLLATE utf8mb4_unicode_ci DEFAULT NULL,
  `blood` varchar(191) COLLATE utf8mb4_unicode_ci DEFAULT NULL,
  `age` int(11) DEFAULT NULL,
  `address` text COLLATE utf8mb4_unicode_ci DEFAULT NULL,
  `city` varchar(191) COLLATE utf8mb4_unicode_ci DEFAULT NULL,
  `zip` varchar(191) COLLATE utf8mb4_unicode_ci DEFAULT NULL,
  `country_id` bigint(20) UNSIGNED DEFAULT NULL,
  `idtype` varchar(191) COLLATE utf8mb4_unicode_ci DEFAULT NULL,
  `idnumber` varchar(191) COLLATE utf8mb4_unicode_ci DEFAULT NULL,
  `idimgloc` text COLLATE utf8mb4_unicode_ci DEFAULT NULL,
  `imgloc` text COLLATE utf8mb4_unicode_ci DEFAULT NULL,
  `created_at` timestamp NULL DEFAULT NULL,
  `updated_at` timestamp NULL DEFAULT NULL,
  `deleted_at` timestamp NULL DEFAULT NULL
) ENGINE=InnoDB DEFAULT CHARSET=utf8mb4 COLLATE=utf8mb4_unicode_ci;

--
-- Dumping data for table `udetails`
--

INSERT INTO `udetails` (`id`, `user_id`, `name`, `gender`, `blood`, `age`, `address`, `city`, `zip`, `country_id`, `idtype`, `idnumber`, `idimgloc`, `imgloc`, `created_at`, `updated_at`, `deleted_at`) VALUES
(1, 1, 'Test Name', 'male', 'B+', 14, 'JKKJHH', 'WERW', '5400', 28, 'Nid', 'HGJHGJHG', 'storage/document/1656797596.jpg', 'storage/profile/1656797590.jpg', '2022-07-02 08:34:39', '2022-07-02 15:33:16', NULL),
(4, 4, 'MD. SADMAN SHAKIB', NULL, NULL, NULL, NULL, NULL, NULL, 1, NULL, NULL, 'storage/document/docupic.jpg', 'storage/profile/profile.jpg', '2022-08-30 21:34:49', '2022-08-30 21:34:49', NULL),
(5, 5, 'MD. SADMAN SHAKIB', NULL, NULL, NULL, NULL, NULL, NULL, 2, NULL, NULL, 'storage/document/docupic.jpg', 'storage/profile/profile.jpg', '2022-09-01 23:39:45', '2022-09-01 23:39:45', NULL),
(6, 6, 'MD. SADMAN SHAKIB', NULL, NULL, NULL, NULL, NULL, NULL, 2, NULL, NULL, 'storage/document/docupic.jpg', 'storage/profile/profile.jpg', '2022-09-01 23:45:06', '2022-09-01 23:45:06', NULL);

-- --------------------------------------------------------

--
-- Table structure for table `users`
--

CREATE TABLE `users` (
  `id` bigint(20) UNSIGNED NOT NULL,
  `slug` varchar(191) COLLATE utf8mb4_unicode_ci NOT NULL,
  `email` varchar(191) COLLATE utf8mb4_unicode_ci NOT NULL,
  `mobile` varchar(191) COLLATE utf8mb4_unicode_ci NOT NULL,
  `password` varchar(191) COLLATE utf8mb4_unicode_ci NOT NULL,
  `role_id` bigint(20) UNSIGNED NOT NULL,
  `status` varchar(191) COLLATE utf8mb4_unicode_ci NOT NULL,
  `recovery_code` varchar(191) COLLATE utf8mb4_unicode_ci DEFAULT NULL,
  `login_detail` text COLLATE utf8mb4_unicode_ci DEFAULT NULL,
  `created_at` timestamp NULL DEFAULT NULL,
  `updated_at` timestamp NULL DEFAULT NULL,
  `deleted_at` timestamp NULL DEFAULT NULL
) ENGINE=InnoDB DEFAULT CHARSET=utf8mb4 COLLATE=utf8mb4_unicode_ci;

--
-- Dumping data for table `users`
--

INSERT INTO `users` (`id`, `slug`, `email`, `mobile`, `password`, `role_id`, `status`, `recovery_code`, `login_detail`, `created_at`, `updated_at`, `deleted_at`) VALUES
(1, '20220702143439', 'a@a.com', '01712183915', '$2y$10$8m.HDIzjwfYCgK4o/bTnRud6PTVUYHy/UOTX/WkpsrqBEKnRyrbpK', 2, '1', NULL, NULL, '2022-07-02 08:34:39', '2022-09-01 23:25:14', NULL),
(4, '20220831033449', 'b@b.com', '23232323', '$2y$10$zJStQm4nUKdIlc8uurOMlO7HkRVWd.M1Pwg5HP.m7gHhrf7b5aR3.', 3, '1', NULL, NULL, '2022-08-30 21:34:49', '2022-08-30 21:34:49', NULL),
(5, '20220902053945', 'bc@b.com', '01712183915112', '$2y$10$Un5lL0UaRYa5GLEInTYAkuMCBkNyq9KzIA8z/XgGr/Z3newqR4mdW', 4, '1', NULL, NULL, '2022-09-01 23:39:45', '2022-09-01 23:42:13', NULL),
(6, '20220902054506', 'x@a.dd', '01712183666', '$2y$10$iVO//j02ikA/.05zpJhW2uSm9VfOGPnflXEz3BUcuPDv1nprE7wOq', 3, '1', NULL, NULL, '2022-09-01 23:45:06', '2022-09-01 23:45:06', NULL);

-- --------------------------------------------------------

--
-- Table structure for table `websettings`
--

CREATE TABLE `websettings` (
  `id` bigint(20) UNSIGNED NOT NULL,
  `logotext` varchar(255) COLLATE utf8mb4_unicode_ci NOT NULL,
  `apptitle` varchar(255) COLLATE utf8mb4_unicode_ci DEFAULT NULL,
  `language_id` int(11) NOT NULL,
  `font_id` int(11) NOT NULL,
  `country_id` int(11) NOT NULL,
  `timezone_id` int(11) NOT NULL,
  `logo` text COLLATE utf8mb4_unicode_ci DEFAULT NULL,
  `favicone` text COLLATE utf8mb4_unicode_ci DEFAULT NULL,
  `created_at` timestamp NULL DEFAULT NULL,
  `updated_at` timestamp NULL DEFAULT NULL,
  `deleted_at` timestamp NULL DEFAULT NULL
) ENGINE=InnoDB DEFAULT CHARSET=utf8mb4 COLLATE=utf8mb4_unicode_ci;

--
-- Dumping data for table `websettings`
--

INSERT INTO `websettings` (`id`, `logotext`, `apptitle`, `language_id`, `font_id`, `country_id`, `timezone_id`, `logo`, `favicone`, `created_at`, `updated_at`, `deleted_at`) VALUES
(1, 'amader protidin', 'gggrtrtrtrtrtr', 3, 8, 2, 51, 'storage/websetting/1656538245.png', 'storage/websetting/1656538298.png', '2022-06-29 14:45:31', '2022-07-03 15:02:53', NULL);

--
-- Indexes for dumped tables
--

--
-- Indexes for table `countries`
--
ALTER TABLE `countries`
  ADD PRIMARY KEY (`id`);

--
-- Indexes for table `displays`
--
ALTER TABLE `displays`
  ADD PRIMARY KEY (`id`);

--
-- Indexes for table `facebooks`
--
ALTER TABLE `facebooks`
  ADD PRIMARY KEY (`id`);

--
-- Indexes for table `fonts`
--
ALTER TABLE `fonts`
  ADD PRIMARY KEY (`id`);

--
-- Indexes for table `footers`
--
ALTER TABLE `footers`
  ADD PRIMARY KEY (`id`);

--
-- Indexes for table `languages`
--
ALTER TABLE `languages`
  ADD PRIMARY KEY (`id`);

--
-- Indexes for table `mainmenus`
--
ALTER TABLE `mainmenus`
  ADD PRIMARY KEY (`id`);

--
-- Indexes for table `migrations`
--
ALTER TABLE `migrations`
  ADD PRIMARY KEY (`id`);

--
-- Indexes for table `posts`
--
ALTER TABLE `posts`
  ADD PRIMARY KEY (`id`);

--
-- Indexes for table `roles`
--
ALTER TABLE `roles`
  ADD PRIMARY KEY (`id`);

--
-- Indexes for table `seos`
--
ALTER TABLE `seos`
  ADD PRIMARY KEY (`id`);

--
-- Indexes for table `socials`
--
ALTER TABLE `socials`
  ADD PRIMARY KEY (`id`);

--
-- Indexes for table `submenus`
--
ALTER TABLE `submenus`
  ADD PRIMARY KEY (`id`);

--
-- Indexes for table `timezones`
--
ALTER TABLE `timezones`
  ADD PRIMARY KEY (`id`);

--
-- Indexes for table `udetails`
--
ALTER TABLE `udetails`
  ADD PRIMARY KEY (`id`);

--
-- Indexes for table `users`
--
ALTER TABLE `users`
  ADD PRIMARY KEY (`id`),
  ADD UNIQUE KEY `users_slug_unique` (`slug`),
  ADD UNIQUE KEY `users_email_unique` (`email`),
  ADD UNIQUE KEY `users_mobile_unique` (`mobile`);

--
-- Indexes for table `websettings`
--
ALTER TABLE `websettings`
  ADD PRIMARY KEY (`id`);

--
-- AUTO_INCREMENT for dumped tables
--

--
-- AUTO_INCREMENT for table `countries`
--
ALTER TABLE `countries`
  MODIFY `id` int(10) UNSIGNED NOT NULL AUTO_INCREMENT, AUTO_INCREMENT=240;

--
-- AUTO_INCREMENT for table `displays`
--
ALTER TABLE `displays`
  MODIFY `id` bigint(20) UNSIGNED NOT NULL AUTO_INCREMENT, AUTO_INCREMENT=53;

--
-- AUTO_INCREMENT for table `facebooks`
--
ALTER TABLE `facebooks`
  MODIFY `id` bigint(20) UNSIGNED NOT NULL AUTO_INCREMENT, AUTO_INCREMENT=2;

--
-- AUTO_INCREMENT for table `fonts`
--
ALTER TABLE `fonts`
  MODIFY `id` int(11) NOT NULL AUTO_INCREMENT, AUTO_INCREMENT=1335;

--
-- AUTO_INCREMENT for table `footers`
--
ALTER TABLE `footers`
  MODIFY `id` bigint(20) UNSIGNED NOT NULL AUTO_INCREMENT, AUTO_INCREMENT=2;

--
-- AUTO_INCREMENT for table `languages`
--
ALTER TABLE `languages`
  MODIFY `id` int(10) UNSIGNED NOT NULL AUTO_INCREMENT, AUTO_INCREMENT=136;

--
-- AUTO_INCREMENT for table `mainmenus`
--
ALTER TABLE `mainmenus`
  MODIFY `id` bigint(20) UNSIGNED NOT NULL AUTO_INCREMENT, AUTO_INCREMENT=18;

--
-- AUTO_INCREMENT for table `migrations`
--
ALTER TABLE `migrations`
  MODIFY `id` int(10) UNSIGNED NOT NULL AUTO_INCREMENT, AUTO_INCREMENT=35;

--
-- AUTO_INCREMENT for table `posts`
--
ALTER TABLE `posts`
  MODIFY `id` bigint(20) UNSIGNED NOT NULL AUTO_INCREMENT, AUTO_INCREMENT=29;

--
-- AUTO_INCREMENT for table `roles`
--
ALTER TABLE `roles`
  MODIFY `id` bigint(20) UNSIGNED NOT NULL AUTO_INCREMENT, AUTO_INCREMENT=7;

--
-- AUTO_INCREMENT for table `seos`
--
ALTER TABLE `seos`
  MODIFY `id` bigint(20) UNSIGNED NOT NULL AUTO_INCREMENT, AUTO_INCREMENT=2;

--
-- AUTO_INCREMENT for table `socials`
--
ALTER TABLE `socials`
  MODIFY `id` bigint(20) UNSIGNED NOT NULL AUTO_INCREMENT, AUTO_INCREMENT=7;

--
-- AUTO_INCREMENT for table `submenus`
--
ALTER TABLE `submenus`
  MODIFY `id` bigint(20) UNSIGNED NOT NULL AUTO_INCREMENT, AUTO_INCREMENT=24;

--
-- AUTO_INCREMENT for table `timezones`
--
ALTER TABLE `timezones`
  MODIFY `id` int(11) NOT NULL AUTO_INCREMENT, AUTO_INCREMENT=419;

--
-- AUTO_INCREMENT for table `udetails`
--
ALTER TABLE `udetails`
  MODIFY `id` bigint(20) UNSIGNED NOT NULL AUTO_INCREMENT, AUTO_INCREMENT=7;

--
-- AUTO_INCREMENT for table `users`
--
ALTER TABLE `users`
  MODIFY `id` bigint(20) UNSIGNED NOT NULL AUTO_INCREMENT, AUTO_INCREMENT=7;

--
-- AUTO_INCREMENT for table `websettings`
--
ALTER TABLE `websettings`
  MODIFY `id` bigint(20) UNSIGNED NOT NULL AUTO_INCREMENT, AUTO_INCREMENT=4;
COMMIT;

/*!40101 SET CHARACTER_SET_CLIENT=@OLD_CHARACTER_SET_CLIENT */;
/*!40101 SET CHARACTER_SET_RESULTS=@OLD_CHARACTER_SET_RESULTS */;
/*!40101 SET COLLATION_CONNECTION=@OLD_COLLATION_CONNECTION */;
